,acc_x,acc_y,acc_z,timestamp,participant,document,val,arou,eng
0,-10.0,61.0,17.0,1645445468.0625,P18,D13,1,0,0
1,-10.0,61.0,17.0,1645445468.09375,P18,D13,1,0,0
2,-10.0,61.0,17.0,1645445468.125,P18,D13,1,0,0
3,-11.0,61.0,17.0,1645445468.15625,P18,D13,1,0,0
4,-10.0,61.0,17.0,1645445468.1875,P18,D13,1,0,0
5,-10.0,61.0,17.0,1645445468.21875,P18,D13,1,0,0
6,-10.0,61.0,17.0,1645445468.25,P18,D13,1,0,0
7,-10.0,61.0,17.0,1645445468.28125,P18,D13,1,0,0
8,-10.0,61.0,17.0,1645445468.3125,P18,D13,1,0,0
9,-11.0,61.0,18.0,1645445468.34375,P18,D13,1,0,0
10,-10.0,61.0,17.0,1645445468.375,P18,D13,1,0,0
11,-10.0,61.0,17.0,1645445468.40625,P18,D13,1,0,0
12,-10.0,61.0,17.0,1645445468.4375,P18,D13,1,0,0
13,-10.0,61.0,17.0,1645445468.46875,P18,D13,1,0,0
14,-11.0,61.0,17.0,1645445468.5,P18,D13,1,0,0
15,-11.0,61.0,17.0,1645445468.53125,P18,D13,1,0,0
16,-11.0,61.0,17.0,1645445468.5625,P18,D13,1,0,0
17,-11.0,61.0,17.0,1645445468.59375,P18,D13,1,0,0
18,-11.0,61.0,18.0,1645445468.625,P18,D13,1,0,0
19,-10.0,61.0,18.0,1645445468.65625,P18,D13,1,0,0
20,-10.0,61.0,17.0,1645445468.6875,P18,D13,1,0,0
21,-11.0,61.0,17.0,1645445468.71875,P18,D13,1,0,0
22,-11.0,61.0,17.0,1645445468.75,P18,D13,1,0,0
23,-11.0,61.0,17.0,1645445468.78125,P18,D13,1,0,0
24,-11.0,61.0,17.0,1645445468.8125,P18,D13,1,0,0
25,-11.0,61.0,17.0,1645445468.84375,P18,D13,1,0,0
26,-10.0,61.0,17.0,1645445468.875,P18,D13,1,0,0
27,-10.0,61.0,17.0,1645445468.90625,P18,D13,1,0,0
28,-10.0,61.0,17.0,1645445468.9375,P18,D13,1,0,0
29,-11.0,61.0,17.0,1645445468.96875,P18,D13,1,0,0
30,-11.0,61.0,17.0,1645445469.0,P18,D13,1,0,0
31,-11.0,61.0,17.0,1645445469.03125,P18,D13,1,0,0
32,-11.0,61.0,17.0,1645445469.0625,P18,D13,1,0,0
33,-10.0,61.0,17.0,1645445469.09375,P18,D13,1,0,0
34,-11.0,61.0,18.0,1645445469.125,P18,D13,1,0,0
35,-11.0,61.0,18.0,1645445469.15625,P18,D13,1,0,0
36,-11.0,61.0,17.0,1645445469.1875,P18,D13,1,0,0
37,-11.0,61.0,17.0,1645445469.21875,P18,D13,1,0,0
38,-11.0,61.0,17.0,1645445469.25,P18,D13,1,0,0
39,-11.0,61.0,17.0,1645445469.28125,P18,D13,1,0,0
40,-11.0,61.0,17.0,1645445469.3125,P18,D13,1,0,0
41,-11.0,61.0,18.0,1645445469.34375,P18,D13,1,0,0
42,-11.0,61.0,17.0,1645445469.375,P18,D13,1,0,0
43,-11.0,61.0,17.0,1645445469.40625,P18,D13,1,0,0
44,-10.0,61.0,18.0,1645445469.4375,P18,D13,1,0,0
45,-10.0,61.0,18.0,1645445469.46875,P18,D13,1,0,0
46,-11.0,61.0,18.0,1645445469.5,P18,D13,1,0,0
47,-11.0,61.0,18.0,1645445469.53125,P18,D13,1,0,0
48,-11.0,61.0,18.0,1645445469.5625,P18,D13,1,0,0
49,-11.0,61.0,18.0,1645445469.59375,P18,D13,1,0,0
50,-11.0,61.0,18.0,1645445469.625,P18,D13,1,0,0
51,-10.0,61.0,18.0,1645445469.65625,P18,D13,1,0,0
52,-10.0,61.0,18.0,1645445469.6875,P18,D13,1,0,0
53,-10.0,61.0,18.0,1645445469.71875,P18,D13,1,0,0
54,-11.0,61.0,17.0,1645445469.75,P18,D13,1,0,0
55,-11.0,61.0,17.0,1645445469.78125,P18,D13,1,0,0
56,-11.0,61.0,18.0,1645445469.8125,P18,D13,1,0,0
57,-11.0,61.0,18.0,1645445469.84375,P18,D13,1,0,0
58,-11.0,61.0,17.0,1645445469.875,P18,D13,1,0,0
59,-11.0,61.0,18.0,1645445469.90625,P18,D13,1,0,0
60,-11.0,61.0,17.0,1645445469.9375,P18,D13,1,0,0
61,-11.0,61.0,17.0,1645445469.96875,P18,D13,1,0,0
62,-11.0,61.0,17.0,1645445470.0,P18,D13,1,0,0
63,-11.0,61.0,17.0,1645445470.03125,P18,D13,1,0,0
64,-11.0,61.0,17.0,1645445470.0625,P18,D13,1,0,0
65,-11.0,61.0,17.0,1645445470.09375,P18,D13,1,0,0
66,-11.0,61.0,15.0,1645445470.125,P18,D13,1,0,0
67,-12.0,61.0,18.0,1645445470.15625,P18,D13,1,0,0
68,-12.0,61.0,19.0,1645445470.1875,P18,D13,1,0,0
69,-10.0,61.0,21.0,1645445470.21875,P18,D13,1,0,0
70,-9.0,61.0,20.0,1645445470.25,P18,D13,1,0,0
71,-9.0,61.0,20.0,1645445470.28125,P18,D13,1,0,0
72,-9.0,61.0,20.0,1645445470.3125,P18,D13,1,0,0
73,-8.0,61.0,18.0,1645445470.34375,P18,D13,1,0,0
74,-8.0,62.0,18.0,1645445470.375,P18,D13,1,0,0
75,-10.0,61.0,18.0,1645445470.40625,P18,D13,1,0,0
76,-10.0,61.0,18.0,1645445470.4375,P18,D13,1,0,0
77,-10.0,61.0,17.0,1645445470.46875,P18,D13,1,0,0
78,-10.0,61.0,17.0,1645445470.5,P18,D13,1,0,0
79,-9.0,62.0,17.0,1645445470.53125,P18,D13,1,0,0
80,-9.0,61.0,17.0,1645445470.5625,P18,D13,1,0,0
81,-9.0,61.0,17.0,1645445470.59375,P18,D13,1,0,0
82,-11.0,61.0,17.0,1645445470.625,P18,D13,1,0,0
83,-11.0,61.0,17.0,1645445470.65625,P18,D13,1,0,0
84,-11.0,61.0,17.0,1645445470.6875,P18,D13,1,0,0
85,-11.0,61.0,17.0,1645445470.71875,P18,D13,1,0,0
86,-10.0,61.0,17.0,1645445470.75,P18,D13,1,0,0
87,-10.0,61.0,17.0,1645445470.78125,P18,D13,1,0,0
88,-10.0,61.0,17.0,1645445470.8125,P18,D13,1,0,0
89,-10.0,61.0,17.0,1645445470.84375,P18,D13,1,0,0
90,-10.0,62.0,16.0,1645445470.875,P18,D13,1,0,0
91,-10.0,62.0,16.0,1645445470.90625,P18,D13,1,0,0
92,-10.0,62.0,16.0,1645445470.9375,P18,D13,1,0,0
93,-9.0,61.0,17.0,1645445470.96875,P18,D13,1,0,0
94,-9.0,61.0,17.0,1645445471.0,P18,D13,1,0,0
95,-9.0,61.0,17.0,1645445471.03125,P18,D13,1,0,0
96,-9.0,61.0,17.0,1645445471.0625,P18,D13,1,0,0
97,-9.0,61.0,17.0,1645445471.09375,P18,D13,1,0,0
98,-9.0,61.0,17.0,1645445471.125,P18,D13,1,0,0
99,-10.0,62.0,17.0,1645445471.15625,P18,D13,1,0,0
100,-9.0,61.0,17.0,1645445471.1875,P18,D13,1,0,0
101,-9.0,61.0,17.0,1645445471.21875,P18,D13,1,0,0
102,-10.0,61.0,17.0,1645445471.25,P18,D13,1,0,0
103,-9.0,61.0,17.0,1645445471.28125,P18,D13,1,0,0
104,-9.0,62.0,17.0,1645445471.3125,P18,D13,1,0,0
105,-10.0,61.0,17.0,1645445471.34375,P18,D13,1,0,0
106,-10.0,61.0,17.0,1645445471.375,P18,D13,1,0,0
107,-10.0,61.0,17.0,1645445471.40625,P18,D13,1,0,0
108,-10.0,61.0,17.0,1645445471.4375,P18,D13,1,0,0
109,-10.0,61.0,17.0,1645445471.46875,P18,D13,1,0,0
110,-10.0,61.0,17.0,1645445471.5,P18,D13,1,0,0
111,-10.0,61.0,17.0,1645445471.53125,P18,D13,1,0,0
112,-9.0,61.0,17.0,1645445471.5625,P18,D13,1,0,0
113,-10.0,61.0,17.0,1645445471.59375,P18,D13,1,0,0
114,-10.0,61.0,17.0,1645445471.625,P18,D13,1,0,0
115,-10.0,61.0,17.0,1645445471.65625,P18,D13,1,0,0
116,-9.0,62.0,17.0,1645445471.6875,P18,D13,1,0,0
117,-10.0,61.0,17.0,1645445471.71875,P18,D13,1,0,0
118,-10.0,61.0,17.0,1645445471.75,P18,D13,1,0,0
119,-10.0,61.0,17.0,1645445471.78125,P18,D13,1,0,0
120,-10.0,62.0,17.0,1645445471.8125,P18,D13,1,0,0
121,-10.0,61.0,17.0,1645445471.84375,P18,D13,1,0,0
122,-10.0,61.0,17.0,1645445471.875,P18,D13,1,0,0
123,-10.0,61.0,17.0,1645445471.90625,P18,D13,1,0,0
124,-10.0,61.0,17.0,1645445471.9375,P18,D13,1,0,0
125,-10.0,61.0,17.0,1645445471.96875,P18,D13,1,0,0
126,-9.0,62.0,17.0,1645445472.0,P18,D13,1,0,0
127,-9.0,62.0,17.0,1645445472.03125,P18,D13,1,0,0
128,-10.0,61.0,17.0,1645445472.0625,P18,D13,1,0,0
129,-10.0,61.0,17.0,1645445472.09375,P18,D13,1,0,0
130,-10.0,61.0,17.0,1645445472.125,P18,D13,1,0,0
131,-10.0,61.0,17.0,1645445472.15625,P18,D13,1,0,0
132,-10.0,61.0,17.0,1645445472.1875,P18,D13,1,0,0
133,-10.0,61.0,17.0,1645445472.21875,P18,D13,1,0,0
134,-10.0,61.0,17.0,1645445472.25,P18,D13,1,0,0
135,-10.0,61.0,17.0,1645445472.28125,P18,D13,1,0,0
136,-10.0,61.0,17.0,1645445472.3125,P18,D13,1,0,0
137,-10.0,62.0,17.0,1645445472.34375,P18,D13,1,0,0
138,-10.0,61.0,17.0,1645445472.375,P18,D13,1,0,0
139,-10.0,61.0,17.0,1645445472.40625,P18,D13,1,0,0
140,-10.0,61.0,18.0,1645445472.4375,P18,D13,1,0,0
141,-10.0,61.0,17.0,1645445472.46875,P18,D13,1,0,0
142,-10.0,61.0,17.0,1645445472.5,P18,D13,1,0,0
143,-10.0,61.0,17.0,1645445472.53125,P18,D13,1,0,0
144,-10.0,61.0,17.0,1645445472.5625,P18,D13,1,0,0
145,-10.0,62.0,17.0,1645445472.59375,P18,D13,1,0,0
146,-10.0,61.0,17.0,1645445472.625,P18,D13,1,0,0
147,-10.0,61.0,17.0,1645445472.65625,P18,D13,1,0,0
148,-10.0,62.0,17.0,1645445472.6875,P18,D13,1,0,0
149,-10.0,61.0,17.0,1645445472.71875,P18,D13,1,0,0
150,-10.0,61.0,18.0,1645445472.75,P18,D13,1,0,0
151,-10.0,61.0,17.0,1645445472.78125,P18,D13,1,0,0
152,-9.0,62.0,17.0,1645445472.8125,P18,D13,1,0,0
153,-9.0,61.0,17.0,1645445472.84375,P18,D13,1,0,0
154,-9.0,61.0,18.0,1645445472.875,P18,D13,1,0,0
155,-9.0,61.0,19.0,1645445472.90625,P18,D13,1,0,0
156,-10.0,60.0,21.0,1645445472.9375,P18,D13,1,0,0
157,-11.0,60.0,21.0,1645445472.96875,P18,D13,1,0,0
158,-13.0,61.0,16.0,1645445473.0,P18,D13,1,0,0
159,-12.0,62.0,15.0,1645445473.03125,P18,D13,1,0,0
160,-11.0,61.0,15.0,1645445473.0625,P18,D13,1,0,0
161,-11.0,61.0,19.0,1645445473.09375,P18,D13,1,0,0
162,-12.0,61.0,19.0,1645445473.125,P18,D13,1,0,0
163,-13.0,60.0,18.0,1645445473.15625,P18,D13,1,0,0
164,-12.0,60.0,18.0,1645445473.1875,P18,D13,1,0,0
165,-7.0,60.0,21.0,1645445473.21875,P18,D13,1,0,0
166,-5.0,59.0,30.0,1645445473.25,P18,D13,1,0,0
167,-4.0,59.0,30.0,1645445473.28125,P18,D13,1,0,0
168,-4.0,60.0,23.0,1645445473.3125,P18,D13,1,0,0
169,-3.0,63.0,14.0,1645445473.34375,P18,D13,1,0,0
170,1.0,64.0,9.0,1645445473.375,P18,D13,1,0,0
171,6.0,64.0,11.0,1645445473.40625,P18,D13,1,0,0
172,3.0,63.0,9.0,1645445473.4375,P18,D13,1,0,0
173,6.0,64.0,11.0,1645445473.46875,P18,D13,1,0,0
174,-1.0,64.0,6.0,1645445473.5,P18,D13,1,0,0
175,-7.0,65.0,5.0,1645445473.53125,P18,D13,1,0,0
176,-19.0,63.0,10.0,1645445473.5625,P18,D13,1,0,0
177,-16.0,61.0,16.0,1645445473.59375,P18,D13,1,0,0
178,-10.0,61.0,22.0,1645445473.625,P18,D13,1,0,0
179,-12.0,60.0,22.0,1645445473.65625,P18,D13,1,0,0
180,-8.0,61.0,21.0,1645445473.6875,P18,D13,1,0,0
181,-7.0,61.0,20.0,1645445473.71875,P18,D13,1,0,0
182,-12.0,60.0,19.0,1645445473.75,P18,D13,1,0,0
183,-26.0,61.0,13.0,1645445473.78125,P18,D13,1,0,0
184,-20.0,61.0,11.0,1645445473.8125,P18,D13,1,0,0
185,-7.0,63.0,16.0,1645445473.84375,P18,D13,1,0,0
186,-9.0,61.0,15.0,1645445473.875,P18,D13,1,0,0
187,-17.0,63.0,13.0,1645445473.90625,P18,D13,1,0,0
188,-17.0,61.0,14.0,1645445473.9375,P18,D13,1,0,0
189,0.0,62.0,17.0,1645445473.96875,P18,D13,1,0,0
190,3.0,63.0,18.0,1645445474.0,P18,D13,1,0,0
191,-4.0,62.0,17.0,1645445474.03125,P18,D13,1,0,0
192,-9.0,62.0,15.0,1645445474.0625,P18,D13,1,0,0
193,-10.0,62.0,15.0,1645445474.09375,P18,D13,1,0,0
194,-7.0,63.0,16.0,1645445474.125,P18,D13,1,0,0
195,-8.0,62.0,15.0,1645445474.15625,P18,D13,1,0,0
196,-6.0,62.0,16.0,1645445474.1875,P18,D13,1,0,0
197,-6.0,62.0,16.0,1645445474.21875,P18,D13,1,0,0
198,-7.0,62.0,16.0,1645445474.25,P18,D13,1,0,0
199,-8.0,62.0,15.0,1645445474.28125,P18,D13,1,0,0
200,-7.0,62.0,15.0,1645445474.3125,P18,D13,1,0,0
201,-8.0,62.0,15.0,1645445474.34375,P18,D13,1,0,0
202,-8.0,62.0,15.0,1645445474.375,P18,D13,1,0,0
203,-8.0,62.0,15.0,1645445474.40625,P18,D13,1,0,0
204,-8.0,62.0,16.0,1645445474.4375,P18,D13,1,0,0
205,-8.0,62.0,17.0,1645445474.46875,P18,D13,1,0,0
206,-8.0,62.0,17.0,1645445474.5,P18,D13,1,0,0
207,-9.0,62.0,17.0,1645445474.53125,P18,D13,1,0,0
208,-9.0,61.0,18.0,1645445474.5625,P18,D13,1,0,0
209,-9.0,61.0,18.0,1645445474.59375,P18,D13,1,0,0
210,-9.0,62.0,17.0,1645445474.625,P18,D13,1,0,0
211,-9.0,62.0,17.0,1645445474.65625,P18,D13,1,0,0
212,-10.0,62.0,17.0,1645445474.6875,P18,D13,1,0,0
213,-9.0,62.0,17.0,1645445474.71875,P18,D13,1,0,0
214,-10.0,61.0,16.0,1645445474.75,P18,D13,1,0,0
215,-10.0,62.0,16.0,1645445474.78125,P18,D13,1,0,0
216,-10.0,62.0,17.0,1645445474.8125,P18,D13,1,0,0
217,-10.0,61.0,16.0,1645445474.84375,P18,D13,1,0,0
218,-9.0,62.0,17.0,1645445474.875,P18,D13,1,0,0
219,-10.0,61.0,17.0,1645445474.90625,P18,D13,1,0,0
220,-9.0,61.0,18.0,1645445474.9375,P18,D13,1,0,0
221,-8.0,61.0,18.0,1645445474.96875,P18,D13,1,0,0
222,-9.0,61.0,17.0,1645445475.0,P18,D13,1,0,0
223,-8.0,62.0,17.0,1645445475.03125,P18,D13,1,0,0
224,-9.0,62.0,16.0,1645445475.0625,P18,D13,1,0,0
225,-8.0,62.0,16.0,1645445475.09375,P18,D13,1,0,0
226,-8.0,62.0,16.0,1645445475.125,P18,D13,1,0,0
227,-8.0,62.0,17.0,1645445475.15625,P18,D13,1,0,0
228,-8.0,62.0,17.0,1645445475.1875,P18,D13,1,0,0
229,-8.0,62.0,17.0,1645445475.21875,P18,D13,1,0,0
230,-9.0,62.0,17.0,1645445475.25,P18,D13,1,0,0
231,-8.0,62.0,17.0,1645445475.28125,P18,D13,1,0,0
232,-8.0,62.0,17.0,1645445475.3125,P18,D13,1,0,0
233,-9.0,62.0,17.0,1645445475.34375,P18,D13,1,0,0
234,-9.0,61.0,17.0,1645445475.375,P18,D13,1,0,0
235,-9.0,62.0,17.0,1645445475.40625,P18,D13,1,0,0
236,-10.0,61.0,17.0,1645445475.4375,P18,D13,1,0,0
237,-10.0,61.0,17.0,1645445475.46875,P18,D13,1,0,0
238,-10.0,61.0,17.0,1645445475.5,P18,D13,1,0,0
239,-10.0,62.0,16.0,1645445475.53125,P18,D13,1,0,0
240,-10.0,61.0,17.0,1645445475.5625,P18,D13,1,0,0
241,-9.0,62.0,17.0,1645445475.59375,P18,D13,1,0,0
242,-9.0,61.0,17.0,1645445475.625,P18,D13,1,0,0
243,-9.0,62.0,17.0,1645445475.65625,P18,D13,1,0,0
244,-9.0,62.0,17.0,1645445475.6875,P18,D13,1,0,0
245,-9.0,62.0,17.0,1645445475.71875,P18,D13,1,0,0
246,-9.0,62.0,17.0,1645445475.75,P18,D13,1,0,0
247,-8.0,62.0,17.0,1645445475.78125,P18,D13,1,0,0
248,-8.0,62.0,17.0,1645445475.8125,P18,D13,1,0,0
249,-8.0,62.0,16.0,1645445475.84375,P18,D13,1,0,0
250,-8.0,62.0,17.0,1645445475.875,P18,D13,1,0,0
251,-9.0,62.0,16.0,1645445475.90625,P18,D13,1,0,0
252,-9.0,62.0,16.0,1645445475.9375,P18,D13,1,0,0
253,-8.0,62.0,17.0,1645445475.96875,P18,D13,1,0,0
254,-9.0,62.0,17.0,1645445476.0,P18,D13,1,0,0
255,-10.0,61.0,16.0,1645445476.03125,P18,D13,1,0,0
256,-10.0,61.0,17.0,1645445476.0625,P18,D13,1,0,0
257,-10.0,62.0,17.0,1645445476.09375,P18,D13,1,0,0
258,-10.0,61.0,17.0,1645445476.125,P18,D13,1,0,0
259,-11.0,61.0,17.0,1645445476.15625,P18,D13,1,0,0
260,-10.0,61.0,18.0,1645445476.1875,P18,D13,1,0,0
261,-9.0,61.0,18.0,1645445476.21875,P18,D13,1,0,0
262,-11.0,61.0,17.0,1645445476.25,P18,D13,1,0,0
263,-10.0,61.0,16.0,1645445476.28125,P18,D13,1,0,0
264,-10.0,62.0,15.0,1645445476.3125,P18,D13,1,0,0
265,-10.0,62.0,15.0,1645445476.34375,P18,D13,1,0,0
266,-9.0,62.0,16.0,1645445476.375,P18,D13,1,0,0
267,-8.0,62.0,17.0,1645445476.40625,P18,D13,1,0,0
268,-8.0,62.0,17.0,1645445476.4375,P18,D13,1,0,0
269,-8.0,62.0,17.0,1645445476.46875,P18,D13,1,0,0
270,-8.0,62.0,17.0,1645445476.5,P18,D13,1,0,0
271,-8.0,62.0,17.0,1645445476.53125,P18,D13,1,0,0
272,-9.0,62.0,17.0,1645445476.5625,P18,D13,1,0,0
273,-9.0,61.0,17.0,1645445476.59375,P18,D13,1,0,0
274,-9.0,62.0,17.0,1645445476.625,P18,D13,1,0,0
275,-10.0,61.0,17.0,1645445476.65625,P18,D13,1,0,0
276,-9.0,61.0,17.0,1645445476.6875,P18,D13,1,0,0
277,-10.0,62.0,17.0,1645445476.71875,P18,D13,1,0,0
278,-11.0,61.0,16.0,1645445476.75,P18,D13,1,0,0
279,-10.0,61.0,16.0,1645445476.78125,P18,D13,1,0,0
280,-10.0,61.0,17.0,1645445476.8125,P18,D13,1,0,0
281,-10.0,62.0,16.0,1645445476.84375,P18,D13,1,0,0
282,-10.0,62.0,16.0,1645445476.875,P18,D13,1,0,0
283,-9.0,61.0,17.0,1645445476.90625,P18,D13,1,0,0
284,-9.0,62.0,17.0,1645445476.9375,P18,D13,1,0,0
285,-8.0,62.0,17.0,1645445476.96875,P18,D13,1,0,0
286,-8.0,62.0,18.0,1645445477.0,P18,D13,1,0,0
287,-8.0,62.0,18.0,1645445477.03125,P18,D13,1,0,0
288,-8.0,61.0,17.0,1645445477.0625,P18,D13,1,0,0
289,-8.0,62.0,17.0,1645445477.09375,P18,D13,1,0,0
290,-8.0,62.0,17.0,1645445477.125,P18,D13,1,0,0
291,-9.0,62.0,16.0,1645445477.15625,P18,D13,1,0,0
292,-8.0,61.0,17.0,1645445477.1875,P18,D13,1,0,0
293,-9.0,61.0,18.0,1645445477.21875,P18,D13,1,0,0
294,-10.0,61.0,17.0,1645445477.25,P18,D13,1,0,0
295,-9.0,61.0,17.0,1645445477.28125,P18,D13,1,0,0
296,-10.0,61.0,17.0,1645445477.3125,P18,D13,1,0,0
297,-9.0,62.0,17.0,1645445477.34375,P18,D13,1,0,0
298,-9.0,61.0,17.0,1645445477.375,P18,D13,1,0,0
299,-9.0,62.0,16.0,1645445477.40625,P18,D13,1,0,0
300,-9.0,62.0,16.0,1645445477.4375,P18,D13,1,0,0
301,-8.0,62.0,16.0,1645445477.46875,P18,D13,1,0,0
302,-8.0,62.0,17.0,1645445477.5,P18,D13,1,0,0
303,-8.0,62.0,17.0,1645445477.53125,P18,D13,1,0,0
304,-7.0,62.0,17.0,1645445477.5625,P18,D13,1,0,0
305,-7.0,62.0,18.0,1645445477.59375,P18,D13,1,0,0
306,-8.0,61.0,18.0,1645445477.625,P18,D13,1,0,0
307,-9.0,61.0,18.0,1645445477.65625,P18,D13,1,0,0
308,-9.0,61.0,18.0,1645445477.6875,P18,D13,1,0,0
309,-9.0,61.0,18.0,1645445477.71875,P18,D13,1,0,0
310,-10.0,62.0,17.0,1645445477.75,P18,D13,1,0,0
311,-10.0,62.0,16.0,1645445477.78125,P18,D13,1,0,0
312,-9.0,62.0,16.0,1645445477.8125,P18,D13,1,0,0
313,-10.0,62.0,16.0,1645445477.84375,P18,D13,1,0,0
314,-9.0,62.0,16.0,1645445477.875,P18,D13,1,0,0
315,-9.0,62.0,16.0,1645445477.90625,P18,D13,1,0,0
316,-9.0,62.0,16.0,1645445477.9375,P18,D13,1,0,0
317,-8.0,62.0,17.0,1645445477.96875,P18,D13,1,0,0
318,-7.0,62.0,17.0,1645445478.0,P18,D13,1,0,0
319,-7.0,62.0,17.0,1645445478.03125,P18,D13,1,0,0
320,-7.0,62.0,17.0,1645445478.0625,P18,D13,1,0,0
321,-8.0,62.0,17.0,1645445478.09375,P18,D13,1,0,0
322,-7.0,62.0,17.0,1645445478.125,P18,D13,1,0,0
323,-8.0,62.0,17.0,1645445478.15625,P18,D13,1,0,0
324,-8.0,62.0,17.0,1645445478.1875,P18,D13,1,0,0
325,-8.0,62.0,17.0,1645445478.21875,P18,D13,1,0,0
326,-8.0,61.0,17.0,1645445478.25,P18,D13,1,0,0
327,-9.0,62.0,17.0,1645445478.28125,P18,D13,1,0,0
328,-9.0,61.0,17.0,1645445478.3125,P18,D13,1,0,0
329,-9.0,61.0,17.0,1645445478.34375,P18,D13,1,0,0
330,-9.0,62.0,17.0,1645445478.375,P18,D13,1,0,0
331,-9.0,61.0,17.0,1645445478.40625,P18,D13,1,0,0
332,-9.0,62.0,17.0,1645445478.4375,P18,D13,1,0,0
333,-9.0,62.0,16.0,1645445478.46875,P18,D13,1,0,0
334,-9.0,62.0,16.0,1645445478.5,P18,D13,1,0,0
335,-9.0,62.0,16.0,1645445478.53125,P18,D13,1,0,0
336,-9.0,62.0,16.0,1645445478.5625,P18,D13,1,0,0
337,-8.0,62.0,17.0,1645445478.59375,P18,D13,1,0,0
338,-8.0,62.0,17.0,1645445478.625,P18,D13,1,0,0
339,-8.0,62.0,17.0,1645445478.65625,P18,D13,1,0,0
340,-8.0,62.0,17.0,1645445478.6875,P18,D13,1,0,0
341,-8.0,62.0,17.0,1645445478.71875,P18,D13,1,0,0
342,-8.0,62.0,17.0,1645445478.75,P18,D13,1,0,0
343,-9.0,62.0,16.0,1645445478.78125,P18,D13,1,0,0
344,-9.0,61.0,17.0,1645445478.8125,P18,D13,1,0,0
345,-9.0,61.0,16.0,1645445478.84375,P18,D13,1,0,0
346,-9.0,62.0,16.0,1645445478.875,P18,D13,1,0,0
347,-9.0,62.0,16.0,1645445478.90625,P18,D13,1,0,0
348,-8.0,62.0,16.0,1645445478.9375,P18,D13,1,0,0
349,-8.0,62.0,15.0,1645445478.96875,P18,D13,1,0,0
350,-7.0,62.0,17.0,1645445479.0,P18,D13,1,0,0
351,-8.0,62.0,18.0,1645445479.03125,P18,D13,1,0,0
352,-7.0,61.0,20.0,1645445479.0625,P18,D13,1,0,0
353,-9.0,61.0,19.0,1645445479.09375,P18,D13,1,0,0
354,-9.0,61.0,18.0,1645445479.125,P18,D13,1,0,0
355,-9.0,61.0,17.0,1645445479.15625,P18,D13,1,0,0
356,-8.0,62.0,17.0,1645445479.1875,P18,D13,1,0,0
357,-8.0,62.0,17.0,1645445479.21875,P18,D13,1,0,0
358,-8.0,62.0,16.0,1645445479.25,P18,D13,1,0,0
359,-8.0,62.0,16.0,1645445479.28125,P18,D13,1,0,0
360,-8.0,62.0,16.0,1645445479.3125,P18,D13,1,0,0
361,-8.0,62.0,17.0,1645445479.34375,P18,D13,1,0,0
362,-8.0,62.0,16.0,1645445479.375,P18,D13,1,0,0
363,-8.0,62.0,17.0,1645445479.40625,P18,D13,1,0,0
364,-8.0,61.0,17.0,1645445479.4375,P18,D13,1,0,0
365,-9.0,61.0,17.0,1645445479.46875,P18,D13,1,0,0
366,-9.0,62.0,17.0,1645445479.5,P18,D13,1,0,0
367,-9.0,62.0,16.0,1645445479.53125,P18,D13,1,0,0
368,-9.0,62.0,16.0,1645445479.5625,P18,D13,1,0,0
369,-8.0,62.0,17.0,1645445479.59375,P18,D13,1,0,0
370,-9.0,61.0,18.0,1645445479.625,P18,D13,1,0,0
371,-9.0,61.0,18.0,1645445479.65625,P18,D13,1,0,0
372,-9.0,61.0,18.0,1645445479.6875,P18,D13,1,0,0
373,-8.0,61.0,18.0,1645445479.71875,P18,D13,1,0,0
374,-8.0,61.0,17.0,1645445479.75,P18,D13,1,0,0
375,-8.0,62.0,17.0,1645445479.78125,P18,D13,1,0,0
376,-8.0,62.0,17.0,1645445479.8125,P18,D13,1,0,0
377,-8.0,62.0,17.0,1645445479.84375,P18,D13,1,0,0
378,-8.0,62.0,17.0,1645445479.875,P18,D13,1,0,0
379,-8.0,62.0,17.0,1645445479.90625,P18,D13,1,0,0
380,-8.0,61.0,18.0,1645445479.9375,P18,D13,1,0,0
381,-9.0,61.0,17.0,1645445479.96875,P18,D13,1,0,0
382,-9.0,62.0,17.0,1645445480.0,P18,D13,1,0,0
383,-9.0,61.0,17.0,1645445480.03125,P18,D13,1,0,0
384,-11.0,61.0,16.0,1645445480.0625,P18,D13,1,0,0
385,-7.0,62.0,16.0,1645445480.09375,P18,D13,1,0,0
386,-8.0,62.0,17.0,1645445480.125,P18,D13,1,0,0
387,-6.0,62.0,19.0,1645445480.15625,P18,D13,1,0,0
388,-7.0,62.0,19.0,1645445480.1875,P18,D13,1,0,0
389,-8.0,61.0,19.0,1645445480.21875,P18,D13,1,0,0
390,-8.0,61.0,18.0,1645445480.25,P18,D13,1,0,0
391,-9.0,61.0,17.0,1645445480.28125,P18,D13,1,0,0
392,-9.0,62.0,16.0,1645445480.3125,P18,D13,1,0,0
393,-9.0,62.0,16.0,1645445480.34375,P18,D13,1,0,0
394,-9.0,62.0,16.0,1645445480.375,P18,D13,1,0,0
395,-8.0,62.0,17.0,1645445480.40625,P18,D13,1,0,0
396,-8.0,62.0,17.0,1645445480.4375,P18,D13,1,0,0
397,-8.0,62.0,17.0,1645445480.46875,P18,D13,1,0,0
398,-8.0,62.0,17.0,1645445480.5,P18,D13,1,0,0
399,-8.0,62.0,17.0,1645445480.53125,P18,D13,1,0,0
400,-8.0,62.0,17.0,1645445480.5625,P18,D13,1,0,0
401,-8.0,62.0,17.0,1645445480.59375,P18,D13,1,0,0
402,-9.0,62.0,17.0,1645445480.625,P18,D13,1,0,0
403,-9.0,62.0,17.0,1645445480.65625,P18,D13,1,0,0
404,-9.0,61.0,17.0,1645445480.6875,P18,D13,1,0,0
405,-9.0,62.0,17.0,1645445480.71875,P18,D13,1,0,0
406,-9.0,61.0,17.0,1645445480.75,P18,D13,1,0,0
407,-8.0,62.0,17.0,1645445480.78125,P18,D13,1,0,0
408,-9.0,61.0,17.0,1645445480.8125,P18,D13,1,0,0
409,-8.0,61.0,17.0,1645445480.84375,P18,D13,1,0,0
410,-9.0,62.0,17.0,1645445480.875,P18,D13,1,0,0
411,-8.0,62.0,17.0,1645445480.90625,P18,D13,1,0,0
412,-8.0,62.0,17.0,1645445480.9375,P18,D13,1,0,0
413,-8.0,62.0,17.0,1645445480.96875,P18,D13,1,0,0
414,-8.0,62.0,17.0,1645445481.0,P18,D13,1,0,0
415,-8.0,62.0,17.0,1645445481.03125,P18,D13,1,0,0
416,-8.0,62.0,17.0,1645445481.0625,P18,D13,1,0,0
417,-9.0,61.0,17.0,1645445481.09375,P18,D13,1,0,0
418,-9.0,61.0,17.0,1645445481.125,P18,D13,1,0,0
419,-9.0,61.0,17.0,1645445481.15625,P18,D13,1,0,0
420,-9.0,62.0,17.0,1645445481.1875,P18,D13,1,0,0
421,-9.0,61.0,17.0,1645445481.21875,P18,D13,1,0,0
422,-9.0,62.0,17.0,1645445481.25,P18,D13,1,0,0
423,-8.0,62.0,17.0,1645445481.28125,P18,D13,1,0,0
424,-8.0,61.0,18.0,1645445481.3125,P18,D13,1,0,0
425,-8.0,61.0,18.0,1645445481.34375,P18,D13,1,0,0
426,-8.0,62.0,17.0,1645445481.375,P18,D13,1,0,0
427,-9.0,61.0,17.0,1645445481.40625,P18,D13,1,0,0
428,-9.0,62.0,17.0,1645445481.4375,P18,D13,1,0,0
429,-9.0,61.0,17.0,1645445481.46875,P18,D13,1,0,0
430,-9.0,62.0,17.0,1645445481.5,P18,D13,1,0,0
431,-9.0,61.0,17.0,1645445481.53125,P18,D13,1,0,0
432,-9.0,62.0,17.0,1645445481.5625,P18,D13,1,0,0
433,-9.0,62.0,17.0,1645445481.59375,P18,D13,1,0,0
434,-9.0,61.0,17.0,1645445481.625,P18,D13,1,0,0
435,-8.0,62.0,18.0,1645445481.65625,P18,D13,1,0,0
436,-8.0,61.0,17.0,1645445481.6875,P18,D13,1,0,0
437,-8.0,62.0,17.0,1645445481.71875,P18,D13,1,0,0
438,-9.0,62.0,16.0,1645445481.75,P18,D13,1,0,0
439,-9.0,62.0,16.0,1645445481.78125,P18,D13,1,0,0
440,-9.0,62.0,16.0,1645445481.8125,P18,D13,1,0,0
441,-9.0,61.0,17.0,1645445481.84375,P18,D13,1,0,0
442,-10.0,61.0,18.0,1645445481.875,P18,D13,1,0,0
443,-10.0,61.0,18.0,1645445481.90625,P18,D13,1,0,0
444,-9.0,61.0,18.0,1645445481.9375,P18,D13,1,0,0
445,-9.0,61.0,18.0,1645445481.96875,P18,D13,1,0,0
446,-9.0,61.0,18.0,1645445482.0,P18,D13,1,0,0
447,-9.0,61.0,18.0,1645445482.03125,P18,D13,1,0,0
448,-8.0,62.0,18.0,1645445482.0625,P18,D13,1,0,0
449,-8.0,61.0,18.0,1645445482.09375,P18,D13,1,0,0
450,-8.0,62.0,17.0,1645445482.125,P18,D13,1,0,0
451,-8.0,61.0,17.0,1645445482.15625,P18,D13,1,0,0
452,-8.0,61.0,17.0,1645445482.1875,P18,D13,1,0,0
453,-8.0,62.0,18.0,1645445482.21875,P18,D13,1,0,0
454,-8.0,62.0,17.0,1645445482.25,P18,D13,1,0,0
455,-8.0,62.0,17.0,1645445482.28125,P18,D13,1,0,0
456,-8.0,61.0,17.0,1645445482.3125,P18,D13,1,0,0
457,-8.0,62.0,17.0,1645445482.34375,P18,D13,1,0,0
458,-9.0,61.0,17.0,1645445482.375,P18,D13,1,0,0
459,-9.0,61.0,17.0,1645445482.40625,P18,D13,1,0,0
460,-9.0,61.0,18.0,1645445482.4375,P18,D13,1,0,0
461,-9.0,61.0,18.0,1645445482.46875,P18,D13,1,0,0
462,-9.0,61.0,18.0,1645445482.5,P18,D13,1,0,0
463,-9.0,61.0,18.0,1645445482.53125,P18,D13,1,0,0
464,-8.0,61.0,18.0,1645445482.5625,P18,D13,1,0,0
465,-8.0,61.0,18.0,1645445482.59375,P18,D13,1,0,0
466,-8.0,61.0,18.0,1645445482.625,P18,D13,1,0,0
467,-9.0,61.0,18.0,1645445482.65625,P18,D13,1,0,0
468,-9.0,61.0,18.0,1645445482.6875,P18,D13,1,0,0
469,-8.0,61.0,18.0,1645445482.71875,P18,D13,1,0,0
470,-8.0,61.0,18.0,1645445482.75,P18,D13,1,0,0
471,-8.0,61.0,19.0,1645445482.78125,P18,D13,1,0,0
472,-9.0,61.0,19.0,1645445482.8125,P18,D13,1,0,0
473,-9.0,61.0,19.0,1645445482.84375,P18,D13,1,0,0
474,-9.0,61.0,18.0,1645445482.875,P18,D13,1,0,0
475,-9.0,61.0,18.0,1645445482.90625,P18,D13,1,0,0
476,-9.0,61.0,18.0,1645445482.9375,P18,D13,1,0,0
477,-9.0,61.0,18.0,1645445482.96875,P18,D13,1,0,0
478,-9.0,61.0,18.0,1645445483.0,P18,D13,1,0,0
479,-8.0,61.0,18.0,1645445483.03125,P18,D13,1,0,0
480,-9.0,61.0,18.0,1645445483.0625,P18,D13,1,0,0
481,-8.0,61.0,18.0,1645445483.09375,P18,D13,1,0,0
482,-9.0,61.0,18.0,1645445483.125,P18,D13,1,0,0
483,-8.0,61.0,19.0,1645445483.15625,P18,D13,1,0,0
484,-8.0,61.0,18.0,1645445483.1875,P18,D13,1,0,0
485,-8.0,61.0,18.0,1645445483.21875,P18,D13,1,0,0
486,-8.0,62.0,17.0,1645445483.25,P18,D13,1,0,0
487,-8.0,61.0,17.0,1645445483.28125,P18,D13,1,0,0
488,-9.0,62.0,16.0,1645445483.3125,P18,D13,1,0,0
489,-9.0,62.0,17.0,1645445483.34375,P18,D13,1,0,0
490,-9.0,62.0,17.0,1645445483.375,P18,D13,1,0,0
491,-9.0,61.0,17.0,1645445483.40625,P18,D13,1,0,0
492,-9.0,62.0,17.0,1645445483.4375,P18,D13,1,0,0
493,-9.0,61.0,18.0,1645445483.46875,P18,D13,1,0,0
494,-9.0,61.0,18.0,1645445483.5,P18,D13,1,0,0
495,-9.0,62.0,17.0,1645445483.53125,P18,D13,1,0,0
496,-10.0,61.0,16.0,1645445483.5625,P18,D13,1,0,0
497,-9.0,62.0,16.0,1645445483.59375,P18,D13,1,0,0
498,-9.0,62.0,16.0,1645445483.625,P18,D13,1,0,0
499,-9.0,62.0,16.0,1645445483.65625,P18,D13,1,0,0
500,-8.0,62.0,16.0,1645445483.6875,P18,D13,1,0,0
501,-9.0,62.0,17.0,1645445483.71875,P18,D13,1,0,0
502,-8.0,61.0,17.0,1645445483.75,P18,D13,1,0,0
503,-8.0,62.0,17.0,1645445483.78125,P18,D13,1,0,0
504,-8.0,62.0,17.0,1645445483.8125,P18,D13,1,0,0
505,-8.0,62.0,17.0,1645445483.84375,P18,D13,1,0,0
506,-8.0,62.0,17.0,1645445483.875,P18,D13,1,0,0
507,-9.0,62.0,16.0,1645445483.90625,P18,D13,1,0,0
508,-9.0,62.0,16.0,1645445483.9375,P18,D13,1,0,0
509,-9.0,62.0,16.0,1645445483.96875,P18,D13,1,0,0
510,-9.0,62.0,16.0,1645445484.0,P18,D13,1,0,0
511,-10.0,62.0,16.0,1645445484.03125,P18,D13,1,0,0
512,-10.0,62.0,16.0,1645445484.0625,P18,D13,1,0,0
513,-10.0,62.0,16.0,1645445484.09375,P18,D13,1,0,0
514,-9.0,62.0,16.0,1645445484.125,P18,D13,1,0,0
515,-10.0,62.0,16.0,1645445484.15625,P18,D13,1,0,0
516,-10.0,62.0,16.0,1645445484.1875,P18,D13,1,0,0
517,-9.0,62.0,17.0,1645445484.21875,P18,D13,1,0,0
518,-10.0,62.0,16.0,1645445484.25,P18,D13,1,0,0
519,-9.0,62.0,16.0,1645445484.28125,P18,D13,1,0,0
520,-9.0,62.0,15.0,1645445484.3125,P18,D13,1,0,0
521,-9.0,62.0,17.0,1645445484.34375,P18,D13,1,0,0
522,-9.0,62.0,17.0,1645445484.375,P18,D13,1,0,0
523,-8.0,62.0,17.0,1645445484.40625,P18,D13,1,0,0
524,-9.0,62.0,16.0,1645445484.4375,P18,D13,1,0,0
525,-9.0,62.0,16.0,1645445484.46875,P18,D13,1,0,0
526,-9.0,62.0,17.0,1645445484.5,P18,D13,1,0,0
527,-9.0,61.0,17.0,1645445484.53125,P18,D13,1,0,0
528,-9.0,61.0,17.0,1645445484.5625,P18,D13,1,0,0
529,-9.0,62.0,16.0,1645445484.59375,P18,D13,1,0,0
530,-10.0,62.0,16.0,1645445484.625,P18,D13,1,0,0
531,-9.0,62.0,17.0,1645445484.65625,P18,D13,1,0,0
532,-9.0,62.0,17.0,1645445484.6875,P18,D13,1,0,0
533,-9.0,62.0,17.0,1645445484.71875,P18,D13,1,0,0
534,-9.0,62.0,16.0,1645445484.75,P18,D13,1,0,0
535,-9.0,62.0,16.0,1645445484.78125,P18,D13,1,0,0
536,-9.0,62.0,17.0,1645445484.8125,P18,D13,1,0,0
537,-8.0,62.0,17.0,1645445484.84375,P18,D13,1,0,0
538,-9.0,62.0,16.0,1645445484.875,P18,D13,1,0,0
539,-9.0,62.0,16.0,1645445484.90625,P18,D13,1,0,0
540,-9.0,62.0,17.0,1645445484.9375,P18,D13,1,0,0
541,-9.0,62.0,17.0,1645445484.96875,P18,D13,1,0,0
542,-9.0,62.0,16.0,1645445485.0,P18,D13,1,0,0
543,-9.0,62.0,16.0,1645445485.03125,P18,D13,1,0,0
544,-9.0,62.0,16.0,1645445485.0625,P18,D13,1,0,0
545,-9.0,62.0,17.0,1645445485.09375,P18,D13,1,0,0
546,-9.0,62.0,17.0,1645445485.125,P18,D13,1,0,0
547,-9.0,62.0,16.0,1645445485.15625,P18,D13,1,0,0
548,-9.0,62.0,17.0,1645445485.1875,P18,D13,1,0,0
549,-9.0,62.0,17.0,1645445485.21875,P18,D13,1,0,0
550,-9.0,62.0,17.0,1645445485.25,P18,D13,1,0,0
551,-9.0,62.0,17.0,1645445485.28125,P18,D13,1,0,0
552,-9.0,61.0,17.0,1645445485.3125,P18,D13,1,0,0
553,-9.0,62.0,16.0,1645445485.34375,P18,D13,1,0,0
554,-9.0,62.0,17.0,1645445485.375,P18,D13,1,0,0
555,-9.0,62.0,17.0,1645445485.40625,P18,D13,1,0,0
556,-9.0,62.0,16.0,1645445485.4375,P18,D13,1,0,0
557,-9.0,62.0,16.0,1645445485.46875,P18,D13,1,0,0
558,-9.0,61.0,17.0,1645445485.5,P18,D13,1,0,0
559,-10.0,62.0,17.0,1645445485.53125,P18,D13,1,0,0
560,-9.0,62.0,17.0,1645445485.5625,P18,D13,1,0,0
561,-10.0,62.0,17.0,1645445485.59375,P18,D13,1,0,0
562,-9.0,62.0,17.0,1645445485.625,P18,D13,1,0,0
563,-10.0,62.0,17.0,1645445485.65625,P18,D13,1,0,0
564,-9.0,61.0,17.0,1645445485.6875,P18,D13,1,0,0
565,-9.0,62.0,17.0,1645445485.71875,P18,D13,1,0,0
566,-9.0,61.0,17.0,1645445485.75,P18,D13,1,0,0
567,-10.0,62.0,17.0,1645445485.78125,P18,D13,1,0,0
568,-10.0,62.0,17.0,1645445485.8125,P18,D13,1,0,0
569,-9.0,62.0,17.0,1645445485.84375,P18,D13,1,0,0
570,-9.0,62.0,17.0,1645445485.875,P18,D13,1,0,0
571,-10.0,61.0,17.0,1645445485.90625,P18,D13,1,0,0
572,-10.0,62.0,17.0,1645445485.9375,P18,D13,1,0,0
573,-9.0,61.0,17.0,1645445485.96875,P18,D13,1,0,0
574,-9.0,61.0,18.0,1645445486.0,P18,D13,1,0,0
575,-8.0,61.0,20.0,1645445486.03125,P18,D13,1,0,0
576,-10.0,61.0,19.0,1645445486.0625,P18,D13,1,0,0
577,-11.0,61.0,15.0,1645445486.09375,P18,D13,1,0,0
578,-11.0,62.0,14.0,1645445486.125,P18,D13,1,0,0
579,-12.0,62.0,13.0,1645445486.15625,P18,D13,1,0,0
580,-12.0,62.0,13.0,1645445486.1875,P18,D13,1,0,0
581,-12.0,62.0,14.0,1645445486.21875,P18,D13,1,0,0
582,-11.0,62.0,15.0,1645445486.25,P18,D13,1,0,0
583,-11.0,62.0,16.0,1645445486.28125,P18,D13,1,0,0
584,-11.0,61.0,16.0,1645445486.3125,P18,D13,1,0,0
585,-11.0,61.0,16.0,1645445486.34375,P18,D13,1,0,0
586,-11.0,61.0,16.0,1645445486.375,P18,D13,1,0,0
587,-12.0,61.0,16.0,1645445486.40625,P18,D13,1,0,0
588,-11.0,62.0,16.0,1645445486.4375,P18,D13,1,0,0
589,-11.0,61.0,16.0,1645445486.46875,P18,D13,1,0,0
590,-11.0,61.0,16.0,1645445486.5,P18,D13,1,0,0
591,-11.0,62.0,16.0,1645445486.53125,P18,D13,1,0,0
592,-12.0,61.0,16.0,1645445486.5625,P18,D13,1,0,0
593,-11.0,61.0,17.0,1645445486.59375,P18,D13,1,0,0
594,-11.0,61.0,18.0,1645445486.625,P18,D13,1,0,0
595,-11.0,61.0,17.0,1645445486.65625,P18,D13,1,0,0
596,-11.0,61.0,16.0,1645445486.6875,P18,D13,1,0,0
597,-11.0,61.0,16.0,1645445486.71875,P18,D13,1,0,0
598,-11.0,61.0,16.0,1645445486.75,P18,D13,1,0,0
599,-11.0,61.0,16.0,1645445486.78125,P18,D13,1,0,0
600,-11.0,62.0,16.0,1645445486.8125,P18,D13,1,0,0
601,-11.0,62.0,16.0,1645445486.84375,P18,D13,1,0,0
602,-11.0,61.0,16.0,1645445486.875,P18,D13,1,0,0
603,-11.0,61.0,16.0,1645445486.90625,P18,D13,1,0,0
604,-11.0,62.0,16.0,1645445486.9375,P18,D13,1,0,0
605,-11.0,61.0,16.0,1645445486.96875,P18,D13,1,0,0
606,-11.0,62.0,16.0,1645445487.0,P18,D13,1,0,0
607,-10.0,62.0,16.0,1645445487.03125,P18,D13,1,0,0
608,-11.0,61.0,17.0,1645445487.0625,P18,D13,1,0,0
609,-11.0,61.0,17.0,1645445487.09375,P18,D13,1,0,0
610,-10.0,61.0,17.0,1645445487.125,P18,D13,1,0,0
611,-10.0,61.0,17.0,1645445487.15625,P18,D13,1,0,0
612,-10.0,61.0,17.0,1645445487.1875,P18,D13,1,0,0
613,-11.0,61.0,16.0,1645445487.21875,P18,D13,1,0,0
614,-10.0,61.0,16.0,1645445487.25,P18,D13,1,0,0
615,-10.0,62.0,16.0,1645445487.28125,P18,D13,1,0,0
616,-10.0,62.0,16.0,1645445487.3125,P18,D13,1,0,0
617,-10.0,61.0,17.0,1645445487.34375,P18,D13,1,0,0
618,-10.0,62.0,17.0,1645445487.375,P18,D13,1,0,0
619,-10.0,62.0,16.0,1645445487.40625,P18,D13,1,0,0
620,-10.0,62.0,17.0,1645445487.4375,P18,D13,1,0,0
621,-10.0,61.0,17.0,1645445487.46875,P18,D13,1,0,0
622,-10.0,61.0,17.0,1645445487.5,P18,D13,1,0,0
623,-10.0,62.0,16.0,1645445487.53125,P18,D13,1,0,0
624,-10.0,62.0,16.0,1645445487.5625,P18,D13,1,0,0
625,-10.0,61.0,17.0,1645445487.59375,P18,D13,1,0,0
626,-10.0,61.0,17.0,1645445487.625,P18,D13,1,0,0
627,-10.0,61.0,17.0,1645445487.65625,P18,D13,1,0,0
628,-10.0,61.0,17.0,1645445487.6875,P18,D13,1,0,0
629,-11.0,61.0,17.0,1645445487.71875,P18,D13,1,0,0
630,-11.0,61.0,16.0,1645445487.75,P18,D13,1,0,0
631,-10.0,62.0,17.0,1645445487.78125,P18,D13,1,0,0
632,-10.0,61.0,17.0,1645445487.8125,P18,D13,1,0,0
633,-10.0,61.0,17.0,1645445487.84375,P18,D13,1,0,0
634,-10.0,61.0,17.0,1645445487.875,P18,D13,1,0,0
635,-10.0,61.0,17.0,1645445487.90625,P18,D13,1,0,0
636,-10.0,62.0,17.0,1645445487.9375,P18,D13,1,0,0
637,-10.0,62.0,16.0,1645445487.96875,P18,D13,1,0,0
638,-10.0,62.0,16.0,1645445488.0,P18,D13,1,0,0
639,-11.0,62.0,16.0,1645445488.03125,P18,D13,1,0,0
640,-11.0,61.0,16.0,1645445488.0625,P18,D13,1,0,0
641,-11.0,61.0,17.0,1645445488.09375,P18,D13,1,0,0
642,-10.0,61.0,17.0,1645445488.125,P18,D13,1,0,0
643,-10.0,61.0,17.0,1645445488.15625,P18,D13,1,0,0
644,-9.0,62.0,17.0,1645445488.1875,P18,D13,1,0,0
645,-10.0,62.0,17.0,1645445488.21875,P18,D13,1,0,0
646,-10.0,62.0,16.0,1645445488.25,P18,D13,1,0,0
647,-10.0,62.0,16.0,1645445488.28125,P18,D13,1,0,0
648,-10.0,62.0,15.0,1645445488.3125,P18,D13,1,0,0
649,-10.0,62.0,16.0,1645445488.34375,P18,D13,1,0,0
650,-8.0,61.0,17.0,1645445488.375,P18,D13,1,0,0
651,-9.0,62.0,17.0,1645445488.40625,P18,D13,1,0,0
652,-11.0,61.0,17.0,1645445488.4375,P18,D13,1,0,0
653,-9.0,61.0,17.0,1645445488.46875,P18,D13,1,0,0
654,-10.0,62.0,16.0,1645445488.5,P18,D13,1,0,0
655,-10.0,62.0,16.0,1645445488.53125,P18,D13,1,0,0
656,-9.0,62.0,17.0,1645445488.5625,P18,D13,1,0,0
657,-10.0,61.0,17.0,1645445488.59375,P18,D13,1,0,0
658,-9.0,62.0,16.0,1645445488.625,P18,D13,1,0,0
659,-9.0,62.0,16.0,1645445488.65625,P18,D13,1,0,0
660,-10.0,62.0,17.0,1645445488.6875,P18,D13,1,0,0
661,-10.0,61.0,17.0,1645445488.71875,P18,D13,1,0,0
662,-10.0,61.0,17.0,1645445488.75,P18,D13,1,0,0
663,-9.0,61.0,17.0,1645445488.78125,P18,D13,1,0,0
664,-9.0,62.0,17.0,1645445488.8125,P18,D13,1,0,0
665,-10.0,61.0,17.0,1645445488.84375,P18,D13,1,0,0
666,-9.0,62.0,17.0,1645445488.875,P18,D13,1,0,0
667,-9.0,61.0,17.0,1645445488.90625,P18,D13,1,0,0
668,-9.0,61.0,17.0,1645445488.9375,P18,D13,1,0,0
669,-9.0,61.0,17.0,1645445488.96875,P18,D13,1,0,0
670,-10.0,61.0,16.0,1645445489.0,P18,D13,1,0,0
671,-8.0,61.0,17.0,1645445489.03125,P18,D13,1,0,0
672,-7.0,61.0,19.0,1645445489.0625,P18,D13,1,0,0
673,-8.0,62.0,17.0,1645445489.09375,P18,D13,1,0,0
674,-12.0,61.0,18.0,1645445489.125,P18,D13,1,0,0
675,-13.0,61.0,20.0,1645445489.15625,P18,D13,1,0,0
676,-18.0,61.0,18.0,1645445489.1875,P18,D13,1,0,0
677,-18.0,61.0,16.0,1645445489.21875,P18,D13,1,0,0
678,-12.0,61.0,15.0,1645445489.25,P18,D13,1,0,0
679,-8.0,61.0,13.0,1645445489.28125,P18,D13,1,0,0
680,-3.0,62.0,13.0,1645445489.3125,P18,D13,1,0,0
681,2.0,60.0,13.0,1645445489.34375,P18,D13,1,0,0
682,1.0,65.0,14.0,1645445489.375,P18,D13,1,0,0
683,8.0,63.0,10.0,1645445489.40625,P18,D13,1,0,0
684,21.0,63.0,11.0,1645445489.4375,P18,D13,1,0,0
685,5.0,63.0,6.0,1645445489.46875,P18,D13,1,0,0
686,-1.0,62.0,2.0,1645445489.5,P18,D13,1,0,0
687,13.0,61.0,-3.0,1645445489.53125,P18,D13,1,0,0
688,29.0,61.0,-2.0,1645445489.5625,P18,D13,1,0,0
689,38.0,59.0,3.0,1645445489.59375,P18,D13,1,0,0
690,32.0,58.0,11.0,1645445489.625,P18,D13,1,0,0
691,26.0,59.0,11.0,1645445489.65625,P18,D13,1,0,0
692,28.0,57.0,6.0,1645445489.6875,P18,D13,1,0,0
693,33.0,56.0,8.0,1645445489.71875,P18,D13,1,0,0
694,40.0,58.0,5.0,1645445489.75,P18,D13,1,0,0
695,44.0,58.0,6.0,1645445489.78125,P18,D13,1,0,0
696,37.0,57.0,12.0,1645445489.8125,P18,D13,1,0,0
697,23.0,55.0,14.0,1645445489.84375,P18,D13,1,0,0
698,12.0,57.0,12.0,1645445489.875,P18,D13,1,0,0
699,18.0,58.0,9.0,1645445489.90625,P18,D13,1,0,0
700,22.0,58.0,11.0,1645445489.9375,P18,D13,1,0,0
701,19.0,59.0,10.0,1645445489.96875,P18,D13,1,0,0
702,20.0,58.0,8.0,1645445490.0,P18,D13,1,0,0
703,22.0,59.0,4.0,1645445490.03125,P18,D13,1,0,0
704,24.0,59.0,3.0,1645445490.0625,P18,D13,1,0,0
705,26.0,59.0,5.0,1645445490.09375,P18,D13,1,0,0
706,26.0,58.0,6.0,1645445490.125,P18,D13,1,0,0
707,28.0,58.0,7.0,1645445490.15625,P18,D13,1,0,0
708,29.0,58.0,7.0,1645445490.1875,P18,D13,1,0,0
709,27.0,58.0,5.0,1645445490.21875,P18,D13,1,0,0
710,26.0,57.0,5.0,1645445490.25,P18,D13,1,0,0
711,27.0,58.0,6.0,1645445490.28125,P18,D13,1,0,0
712,27.0,58.0,5.0,1645445490.3125,P18,D13,1,0,0
713,26.0,58.0,4.0,1645445490.34375,P18,D13,1,0,0
714,27.0,58.0,3.0,1645445490.375,P18,D13,1,0,0
715,26.0,57.0,5.0,1645445490.40625,P18,D13,1,0,0
716,30.0,59.0,3.0,1645445490.4375,P18,D13,1,0,0
717,31.0,58.0,5.0,1645445490.46875,P18,D13,1,0,0
718,24.0,57.0,5.0,1645445490.5,P18,D13,1,0,0
719,21.0,58.0,3.0,1645445490.53125,P18,D13,1,0,0
720,24.0,59.0,5.0,1645445490.5625,P18,D13,1,0,0
721,26.0,59.0,6.0,1645445490.59375,P18,D13,1,0,0
722,26.0,58.0,7.0,1645445490.625,P18,D13,1,0,0
723,25.0,57.0,8.0,1645445490.65625,P18,D13,1,0,0
724,25.0,58.0,9.0,1645445490.6875,P18,D13,1,0,0
725,24.0,58.0,10.0,1645445490.71875,P18,D13,1,0,0
726,24.0,58.0,11.0,1645445490.75,P18,D13,1,0,0
727,25.0,58.0,10.0,1645445490.78125,P18,D13,1,0,0
728,25.0,58.0,10.0,1645445490.8125,P18,D13,1,0,0
729,25.0,58.0,9.0,1645445490.84375,P18,D13,1,0,0
730,25.0,58.0,9.0,1645445490.875,P18,D13,1,0,0
731,25.0,58.0,9.0,1645445490.90625,P18,D13,1,0,0
732,25.0,58.0,9.0,1645445490.9375,P18,D13,1,0,0
733,24.0,58.0,9.0,1645445490.96875,P18,D13,1,0,0
734,25.0,58.0,9.0,1645445491.0,P18,D13,1,0,0
735,23.0,58.0,9.0,1645445491.03125,P18,D13,1,0,0
736,23.0,58.0,9.0,1645445491.0625,P18,D13,1,0,0
737,23.0,58.0,9.0,1645445491.09375,P18,D13,1,0,0
738,24.0,58.0,9.0,1645445491.125,P18,D13,1,0,0
739,24.0,58.0,9.0,1645445491.15625,P18,D13,1,0,0
740,24.0,58.0,9.0,1645445491.1875,P18,D13,1,0,0
741,24.0,58.0,9.0,1645445491.21875,P18,D13,1,0,0
742,24.0,59.0,9.0,1645445491.25,P18,D13,1,0,0
743,24.0,58.0,9.0,1645445491.28125,P18,D13,1,0,0
744,24.0,58.0,9.0,1645445491.3125,P18,D13,1,0,0
745,24.0,58.0,10.0,1645445491.34375,P18,D13,1,0,0
746,23.0,58.0,9.0,1645445491.375,P18,D13,1,0,0
747,22.0,59.0,9.0,1645445491.40625,P18,D13,1,0,0
748,24.0,58.0,9.0,1645445491.4375,P18,D13,1,0,0
749,24.0,58.0,9.0,1645445491.46875,P18,D13,1,0,0
750,24.0,58.0,9.0,1645445491.5,P18,D13,1,0,0
751,24.0,58.0,9.0,1645445491.53125,P18,D13,1,0,0
752,24.0,58.0,9.0,1645445491.5625,P18,D13,1,0,0
753,23.0,58.0,9.0,1645445491.59375,P18,D13,1,0,0
754,23.0,58.0,9.0,1645445491.625,P18,D13,1,0,0
755,25.0,58.0,10.0,1645445491.65625,P18,D13,1,0,0
756,25.0,58.0,10.0,1645445491.6875,P18,D13,1,0,0
757,24.0,58.0,9.0,1645445491.71875,P18,D13,1,0,0
758,24.0,59.0,9.0,1645445491.75,P18,D13,1,0,0
759,23.0,59.0,9.0,1645445491.78125,P18,D13,1,0,0
760,23.0,58.0,9.0,1645445491.8125,P18,D13,1,0,0
761,24.0,59.0,9.0,1645445491.84375,P18,D13,1,0,0
762,24.0,58.0,9.0,1645445491.875,P18,D13,1,0,0
763,24.0,58.0,9.0,1645445491.90625,P18,D13,1,0,0
764,24.0,58.0,9.0,1645445491.9375,P18,D13,1,0,0
765,23.0,59.0,9.0,1645445491.96875,P18,D13,1,0,0
766,23.0,59.0,9.0,1645445492.0,P18,D13,1,0,0
767,24.0,59.0,9.0,1645445492.03125,P18,D13,1,0,0
768,23.0,59.0,9.0,1645445492.0625,P18,D13,1,0,0
769,23.0,59.0,9.0,1645445492.09375,P18,D13,1,0,0
770,23.0,59.0,9.0,1645445492.125,P18,D13,1,0,0
771,22.0,59.0,9.0,1645445492.15625,P18,D13,1,0,0
772,22.0,59.0,9.0,1645445492.1875,P18,D13,1,0,0
773,23.0,59.0,9.0,1645445492.21875,P18,D13,1,0,0
774,23.0,59.0,9.0,1645445492.25,P18,D13,1,0,0
775,23.0,59.0,9.0,1645445492.28125,P18,D13,1,0,0
776,23.0,59.0,9.0,1645445492.3125,P18,D13,1,0,0
777,24.0,59.0,9.0,1645445492.34375,P18,D13,1,0,0
778,24.0,58.0,9.0,1645445492.375,P18,D13,1,0,0
779,23.0,59.0,10.0,1645445492.40625,P18,D13,1,0,0
780,23.0,58.0,10.0,1645445492.4375,P18,D13,1,0,0
781,24.0,58.0,9.0,1645445492.46875,P18,D13,1,0,0
782,23.0,58.0,10.0,1645445492.5,P18,D13,1,0,0
783,22.0,59.0,10.0,1645445492.53125,P18,D13,1,0,0
784,21.0,59.0,10.0,1645445492.5625,P18,D13,1,0,0
785,23.0,59.0,10.0,1645445492.59375,P18,D13,1,0,0
786,24.0,58.0,9.0,1645445492.625,P18,D13,1,0,0
787,25.0,58.0,8.0,1645445492.65625,P18,D13,1,0,0
788,25.0,59.0,7.0,1645445492.6875,P18,D13,1,0,0
789,24.0,59.0,7.0,1645445492.71875,P18,D13,1,0,0
790,22.0,59.0,8.0,1645445492.75,P18,D13,1,0,0
791,21.0,59.0,8.0,1645445492.78125,P18,D13,1,0,0
792,23.0,59.0,10.0,1645445492.8125,P18,D13,1,0,0
793,23.0,58.0,10.0,1645445492.84375,P18,D13,1,0,0
794,24.0,59.0,10.0,1645445492.875,P18,D13,1,0,0
795,23.0,59.0,10.0,1645445492.90625,P18,D13,1,0,0
796,23.0,59.0,9.0,1645445492.9375,P18,D13,1,0,0
797,22.0,58.0,10.0,1645445492.96875,P18,D13,1,0,0
798,22.0,58.0,10.0,1645445493.0,P18,D13,1,0,0
799,23.0,58.0,11.0,1645445493.03125,P18,D13,1,0,0
800,23.0,58.0,10.0,1645445493.0625,P18,D13,1,0,0
801,24.0,58.0,10.0,1645445493.09375,P18,D13,1,0,0
802,24.0,58.0,10.0,1645445493.125,P18,D13,1,0,0
803,25.0,59.0,9.0,1645445493.15625,P18,D13,1,0,0
804,23.0,59.0,8.0,1645445493.1875,P18,D13,1,0,0
805,21.0,59.0,8.0,1645445493.21875,P18,D13,1,0,0
806,22.0,58.0,8.0,1645445493.25,P18,D13,1,0,0
807,24.0,59.0,8.0,1645445493.28125,P18,D13,1,0,0
808,25.0,59.0,9.0,1645445493.3125,P18,D13,1,0,0
809,24.0,59.0,9.0,1645445493.34375,P18,D13,1,0,0
810,21.0,59.0,8.0,1645445493.375,P18,D13,1,0,0
811,21.0,59.0,8.0,1645445493.40625,P18,D13,1,0,0
812,24.0,58.0,9.0,1645445493.4375,P18,D13,1,0,0
813,25.0,58.0,10.0,1645445493.46875,P18,D13,1,0,0
814,24.0,59.0,11.0,1645445493.5,P18,D13,1,0,0
815,23.0,58.0,10.0,1645445493.53125,P18,D13,1,0,0
816,23.0,58.0,10.0,1645445493.5625,P18,D13,1,0,0
817,24.0,58.0,10.0,1645445493.59375,P18,D13,1,0,0
818,23.0,58.0,11.0,1645445493.625,P18,D13,1,0,0
819,22.0,59.0,11.0,1645445493.65625,P18,D13,1,0,0
820,23.0,58.0,10.0,1645445493.6875,P18,D13,1,0,0
821,24.0,58.0,11.0,1645445493.71875,P18,D13,1,0,0
822,24.0,58.0,11.0,1645445493.75,P18,D13,1,0,0
823,23.0,59.0,10.0,1645445493.78125,P18,D13,1,0,0
824,23.0,59.0,9.0,1645445493.8125,P18,D13,1,0,0
825,23.0,59.0,10.0,1645445493.84375,P18,D13,1,0,0
826,24.0,58.0,10.0,1645445493.875,P18,D13,1,0,0
827,23.0,59.0,9.0,1645445493.90625,P18,D13,1,0,0
828,20.0,59.0,8.0,1645445493.9375,P18,D13,1,0,0
829,20.0,59.0,8.0,1645445493.96875,P18,D13,1,0,0
830,23.0,59.0,9.0,1645445494.0,P18,D13,1,0,0
831,23.0,59.0,9.0,1645445494.03125,P18,D13,1,0,0
832,23.0,59.0,9.0,1645445494.0625,P18,D13,1,0,0
833,23.0,59.0,9.0,1645445494.09375,P18,D13,1,0,0
834,23.0,59.0,10.0,1645445494.125,P18,D13,1,0,0
835,23.0,59.0,11.0,1645445494.15625,P18,D13,1,0,0
836,22.0,58.0,11.0,1645445494.1875,P18,D13,1,0,0
837,22.0,59.0,11.0,1645445494.21875,P18,D13,1,0,0
838,23.0,58.0,12.0,1645445494.25,P18,D13,1,0,0
839,22.0,59.0,11.0,1645445494.28125,P18,D13,1,0,0
840,21.0,59.0,10.0,1645445494.3125,P18,D13,1,0,0
841,21.0,59.0,10.0,1645445494.34375,P18,D13,1,0,0
842,21.0,59.0,10.0,1645445494.375,P18,D13,1,0,0
843,22.0,59.0,11.0,1645445494.40625,P18,D13,1,0,0
844,22.0,59.0,11.0,1645445494.4375,P18,D13,1,0,0
845,23.0,58.0,11.0,1645445494.46875,P18,D13,1,0,0
846,24.0,58.0,10.0,1645445494.5,P18,D13,1,0,0
847,24.0,59.0,10.0,1645445494.53125,P18,D13,1,0,0
848,23.0,59.0,9.0,1645445494.5625,P18,D13,1,0,0
849,22.0,59.0,8.0,1645445494.59375,P18,D13,1,0,0
850,21.0,59.0,8.0,1645445494.625,P18,D13,1,0,0
851,22.0,59.0,9.0,1645445494.65625,P18,D13,1,0,0
852,23.0,59.0,9.0,1645445494.6875,P18,D13,1,0,0
853,23.0,59.0,9.0,1645445494.71875,P18,D13,1,0,0
854,23.0,59.0,10.0,1645445494.75,P18,D13,1,0,0
855,23.0,59.0,10.0,1645445494.78125,P18,D13,1,0,0
856,20.0,59.0,11.0,1645445494.8125,P18,D13,1,0,0
857,19.0,59.0,11.0,1645445494.84375,P18,D13,1,0,0
858,20.0,58.0,12.0,1645445494.875,P18,D13,1,0,0
859,22.0,58.0,12.0,1645445494.90625,P18,D13,1,0,0
860,22.0,59.0,11.0,1645445494.9375,P18,D13,1,0,0
861,23.0,59.0,11.0,1645445494.96875,P18,D13,1,0,0
862,21.0,59.0,10.0,1645445495.0,P18,D13,1,0,0
863,21.0,59.0,11.0,1645445495.03125,P18,D13,1,0,0
864,24.0,59.0,10.0,1645445495.0625,P18,D13,1,0,0
865,25.0,59.0,10.0,1645445495.09375,P18,D13,1,0,0
866,24.0,59.0,10.0,1645445495.125,P18,D13,1,0,0
867,24.0,59.0,7.0,1645445495.15625,P18,D13,1,0,0
868,23.0,59.0,6.0,1645445495.1875,P18,D13,1,0,0
869,23.0,59.0,7.0,1645445495.21875,P18,D13,1,0,0
870,24.0,59.0,8.0,1645445495.25,P18,D13,1,0,0
871,22.0,59.0,10.0,1645445495.28125,P18,D13,1,0,0
872,19.0,59.0,10.0,1645445495.3125,P18,D13,1,0,0
873,21.0,59.0,11.0,1645445495.34375,P18,D13,1,0,0
874,24.0,58.0,11.0,1645445495.375,P18,D13,1,0,0
875,25.0,58.0,11.0,1645445495.40625,P18,D13,1,0,0
876,23.0,59.0,10.0,1645445495.4375,P18,D13,1,0,0
877,21.0,59.0,9.0,1645445495.46875,P18,D13,1,0,0
878,20.0,59.0,8.0,1645445495.5,P18,D13,1,0,0
879,21.0,59.0,10.0,1645445495.53125,P18,D13,1,0,0
880,23.0,59.0,11.0,1645445495.5625,P18,D13,1,0,0
881,23.0,59.0,11.0,1645445495.59375,P18,D13,1,0,0
882,21.0,59.0,11.0,1645445495.625,P18,D13,1,0,0
883,22.0,59.0,10.0,1645445495.65625,P18,D13,1,0,0
884,23.0,59.0,10.0,1645445495.6875,P18,D13,1,0,0
885,22.0,59.0,9.0,1645445495.71875,P18,D13,1,0,0
886,21.0,60.0,8.0,1645445495.75,P18,D13,1,0,0
887,21.0,59.0,8.0,1645445495.78125,P18,D13,1,0,0
888,22.0,59.0,9.0,1645445495.8125,P18,D13,1,0,0
889,24.0,59.0,11.0,1645445495.84375,P18,D13,1,0,0
890,23.0,59.0,11.0,1645445495.875,P18,D13,1,0,0
891,18.0,59.0,10.0,1645445495.90625,P18,D13,1,0,0
892,17.0,59.0,9.0,1645445495.9375,P18,D13,1,0,0
893,22.0,60.0,11.0,1645445495.96875,P18,D13,1,0,0
894,21.0,59.0,11.0,1645445496.0,P18,D13,1,0,0
895,21.0,59.0,10.0,1645445496.03125,P18,D13,1,0,0
896,21.0,59.0,9.0,1645445496.0625,P18,D13,1,0,0
897,21.0,59.0,9.0,1645445496.09375,P18,D13,1,0,0
898,20.0,59.0,10.0,1645445496.125,P18,D13,1,0,0
899,19.0,60.0,10.0,1645445496.15625,P18,D13,1,0,0
900,19.0,59.0,11.0,1645445496.1875,P18,D13,1,0,0
901,21.0,59.0,11.0,1645445496.21875,P18,D13,1,0,0
902,24.0,59.0,11.0,1645445496.25,P18,D13,1,0,0
903,23.0,59.0,11.0,1645445496.28125,P18,D13,1,0,0
904,21.0,60.0,9.0,1645445496.3125,P18,D13,1,0,0
905,21.0,59.0,9.0,1645445496.34375,P18,D13,1,0,0
906,23.0,59.0,11.0,1645445496.375,P18,D13,1,0,0
907,22.0,59.0,10.0,1645445496.40625,P18,D13,1,0,0
908,21.0,59.0,10.0,1645445496.4375,P18,D13,1,0,0
909,21.0,59.0,11.0,1645445496.46875,P18,D13,1,0,0
910,20.0,59.0,11.0,1645445496.5,P18,D13,1,0,0
911,21.0,59.0,11.0,1645445496.53125,P18,D13,1,0,0
912,20.0,59.0,11.0,1645445496.5625,P18,D13,1,0,0
913,21.0,59.0,10.0,1645445496.59375,P18,D13,1,0,0
914,21.0,59.0,10.0,1645445496.625,P18,D13,1,0,0
915,21.0,59.0,11.0,1645445496.65625,P18,D13,1,0,0
916,22.0,59.0,11.0,1645445496.6875,P18,D13,1,0,0
917,22.0,59.0,10.0,1645445496.71875,P18,D13,1,0,0
918,22.0,59.0,10.0,1645445496.75,P18,D13,1,0,0
919,22.0,59.0,10.0,1645445496.78125,P18,D13,1,0,0
920,21.0,59.0,10.0,1645445496.8125,P18,D13,1,0,0
921,21.0,59.0,10.0,1645445496.84375,P18,D13,1,0,0
922,21.0,59.0,10.0,1645445496.875,P18,D13,1,0,0
923,22.0,59.0,10.0,1645445496.90625,P18,D13,1,0,0
924,22.0,59.0,10.0,1645445496.9375,P18,D13,1,0,0
925,21.0,59.0,10.0,1645445496.96875,P18,D13,1,0,0
926,21.0,59.0,10.0,1645445497.0,P18,D13,1,0,0
927,21.0,59.0,10.0,1645445497.03125,P18,D13,1,0,0
928,21.0,59.0,11.0,1645445497.0625,P18,D13,1,0,0
929,21.0,60.0,11.0,1645445497.09375,P18,D13,1,0,0
930,21.0,59.0,10.0,1645445497.125,P18,D13,1,0,0
931,22.0,59.0,10.0,1645445497.15625,P18,D13,1,0,0
932,23.0,59.0,11.0,1645445497.1875,P18,D13,1,0,0
933,22.0,59.0,10.0,1645445497.21875,P18,D13,1,0,0
934,22.0,59.0,10.0,1645445497.25,P18,D13,1,0,0
935,21.0,59.0,10.0,1645445497.28125,P18,D13,1,0,0
936,22.0,59.0,10.0,1645445497.3125,P18,D13,1,0,0
937,22.0,59.0,10.0,1645445497.34375,P18,D13,1,0,0
938,21.0,59.0,10.0,1645445497.375,P18,D13,1,0,0
939,22.0,59.0,10.0,1645445497.40625,P18,D13,1,0,0
940,22.0,59.0,10.0,1645445497.4375,P18,D13,1,0,0
941,21.0,59.0,10.0,1645445497.46875,P18,D13,1,0,0
942,22.0,59.0,10.0,1645445497.5,P18,D13,1,0,0
943,22.0,59.0,10.0,1645445497.53125,P18,D13,1,0,0
944,22.0,59.0,10.0,1645445497.5625,P18,D13,1,0,0
945,22.0,59.0,10.0,1645445497.59375,P18,D13,1,0,0
946,22.0,59.0,10.0,1645445497.625,P18,D13,1,0,0
947,22.0,59.0,10.0,1645445497.65625,P18,D13,1,0,0
948,22.0,59.0,10.0,1645445497.6875,P18,D13,1,0,0
949,22.0,59.0,10.0,1645445497.71875,P18,D13,1,0,0
950,22.0,59.0,10.0,1645445497.75,P18,D13,1,0,0
951,22.0,59.0,10.0,1645445497.78125,P18,D13,1,0,0
952,22.0,59.0,10.0,1645445497.8125,P18,D13,1,0,0
953,23.0,59.0,10.0,1645445497.84375,P18,D13,1,0,0
954,22.0,59.0,10.0,1645445497.875,P18,D13,1,0,0
955,22.0,59.0,10.0,1645445497.90625,P18,D13,1,0,0
956,22.0,59.0,10.0,1645445497.9375,P18,D13,1,0,0
957,22.0,59.0,10.0,1645445497.96875,P18,D13,1,0,0
958,23.0,59.0,11.0,1645445498.0,P18,D13,1,0,0
959,22.0,59.0,10.0,1645445498.03125,P18,D13,1,0,0
960,21.0,59.0,10.0,1645445498.0625,P18,D13,1,0,0
961,23.0,59.0,11.0,1645445498.09375,P18,D13,1,0,0
962,23.0,59.0,11.0,1645445498.125,P18,D13,1,0,0
963,21.0,58.0,12.0,1645445498.15625,P18,D13,1,0,0
964,21.0,59.0,11.0,1645445498.1875,P18,D13,1,0,0
965,23.0,59.0,9.0,1645445498.21875,P18,D13,1,0,0
966,23.0,59.0,8.0,1645445498.25,P18,D13,1,0,0
967,24.0,59.0,8.0,1645445498.28125,P18,D13,1,0,0
968,24.0,59.0,9.0,1645445498.3125,P18,D13,1,0,0
969,23.0,59.0,9.0,1645445498.34375,P18,D13,1,0,0
970,22.0,59.0,10.0,1645445498.375,P18,D13,1,0,0
971,22.0,59.0,10.0,1645445498.40625,P18,D13,1,0,0
972,21.0,59.0,9.0,1645445498.4375,P18,D13,1,0,0
973,22.0,59.0,9.0,1645445498.46875,P18,D13,1,0,0
974,23.0,59.0,9.0,1645445498.5,P18,D13,1,0,0
975,23.0,59.0,9.0,1645445498.53125,P18,D13,1,0,0
976,22.0,59.0,10.0,1645445498.5625,P18,D13,1,0,0
977,23.0,59.0,10.0,1645445498.59375,P18,D13,1,0,0
978,22.0,59.0,10.0,1645445498.625,P18,D13,1,0,0
979,21.0,59.0,9.0,1645445498.65625,P18,D13,1,0,0
980,22.0,59.0,10.0,1645445498.6875,P18,D13,1,0,0
981,23.0,59.0,9.0,1645445498.71875,P18,D13,1,0,0
982,23.0,59.0,9.0,1645445498.75,P18,D13,1,0,0
983,22.0,59.0,8.0,1645445498.78125,P18,D13,1,0,0
984,22.0,59.0,9.0,1645445498.8125,P18,D13,1,0,0
985,24.0,59.0,11.0,1645445498.84375,P18,D13,1,0,0
986,24.0,59.0,11.0,1645445498.875,P18,D13,1,0,0
987,23.0,59.0,11.0,1645445498.90625,P18,D13,1,0,0
988,22.0,59.0,10.0,1645445498.9375,P18,D13,1,0,0
989,22.0,59.0,10.0,1645445498.96875,P18,D13,1,0,0
990,23.0,59.0,10.0,1645445499.0,P18,D13,1,0,0
991,23.0,59.0,10.0,1645445499.03125,P18,D13,1,0,0
992,22.0,59.0,9.0,1645445499.0625,P18,D13,1,0,0
993,22.0,59.0,9.0,1645445499.09375,P18,D13,1,0,0
994,23.0,59.0,9.0,1645445499.125,P18,D13,1,0,0
995,22.0,59.0,10.0,1645445499.15625,P18,D13,1,0,0
996,22.0,59.0,10.0,1645445499.1875,P18,D13,1,0,0
997,22.0,59.0,10.0,1645445499.21875,P18,D13,1,0,0
998,23.0,59.0,10.0,1645445499.25,P18,D13,1,0,0
999,22.0,59.0,9.0,1645445499.28125,P18,D13,1,0,0
1000,22.0,59.0,9.0,1645445499.3125,P18,D13,1,0,0
1001,23.0,59.0,10.0,1645445499.34375,P18,D13,1,0,0
1002,23.0,58.0,11.0,1645445499.375,P18,D13,1,0,0
1003,25.0,58.0,12.0,1645445499.40625,P18,D13,1,0,0
1004,25.0,58.0,12.0,1645445499.4375,P18,D13,1,0,0
1005,24.0,59.0,9.0,1645445499.46875,P18,D13,1,0,0
1006,23.0,59.0,8.0,1645445499.5,P18,D13,1,0,0
1007,20.0,59.0,6.0,1645445499.53125,P18,D13,1,0,0
1008,19.0,60.0,6.0,1645445499.5625,P18,D13,1,0,0
1009,20.0,59.0,8.0,1645445499.59375,P18,D13,1,0,0
1010,23.0,59.0,10.0,1645445499.625,P18,D13,1,0,0
1011,23.0,58.0,10.0,1645445499.65625,P18,D13,1,0,0
1012,24.0,59.0,8.0,1645445499.6875,P18,D13,1,0,0
1013,24.0,58.0,7.0,1645445499.71875,P18,D13,1,0,0
1014,25.0,59.0,6.0,1645445499.75,P18,D13,1,0,0
1015,25.0,59.0,6.0,1645445499.78125,P18,D13,1,0,0
1016,22.0,59.0,6.0,1645445499.8125,P18,D13,1,0,0
1017,22.0,59.0,7.0,1645445499.84375,P18,D13,1,0,0
1018,25.0,59.0,8.0,1645445499.875,P18,D13,1,0,0
1019,25.0,58.0,8.0,1645445499.90625,P18,D13,1,0,0
1020,25.0,58.0,8.0,1645445499.9375,P18,D13,1,0,0
1021,26.0,58.0,7.0,1645445499.96875,P18,D13,1,0,0
1022,25.0,58.0,7.0,1645445500.0,P18,D13,1,0,0
1023,26.0,58.0,7.0,1645445500.03125,P18,D13,1,0,0
1024,26.0,58.0,8.0,1645445500.0625,P18,D13,1,0,0
1025,26.0,58.0,9.0,1645445500.09375,P18,D13,1,0,0
1026,26.0,58.0,8.0,1645445500.125,P18,D13,1,0,0
1027,27.0,58.0,7.0,1645445500.15625,P18,D13,1,0,0
1028,27.0,58.0,7.0,1645445500.1875,P18,D13,1,0,0
1029,27.0,58.0,7.0,1645445500.21875,P18,D13,1,0,0
1030,27.0,58.0,7.0,1645445500.25,P18,D13,1,0,0
1031,26.0,58.0,7.0,1645445500.28125,P18,D13,1,0,0
1032,26.0,58.0,7.0,1645445500.3125,P18,D13,1,0,0
1033,26.0,58.0,7.0,1645445500.34375,P18,D13,1,0,0
1034,26.0,58.0,7.0,1645445500.375,P18,D13,1,0,0
1035,27.0,58.0,7.0,1645445500.40625,P18,D13,1,0,0
1036,27.0,58.0,6.0,1645445500.4375,P18,D13,1,0,0
1037,27.0,58.0,6.0,1645445500.46875,P18,D13,1,0,0
1038,26.0,58.0,6.0,1645445500.5,P18,D13,1,0,0
1039,26.0,58.0,6.0,1645445500.53125,P18,D13,1,0,0
1040,25.0,58.0,6.0,1645445500.5625,P18,D13,1,0,0
1041,25.0,58.0,6.0,1645445500.59375,P18,D13,1,0,0
1042,26.0,58.0,6.0,1645445500.625,P18,D13,1,0,0
1043,26.0,58.0,7.0,1645445500.65625,P18,D13,1,0,0
1044,26.0,58.0,7.0,1645445500.6875,P18,D13,1,0,0
1045,25.0,58.0,8.0,1645445500.71875,P18,D13,1,0,0
1046,25.0,58.0,8.0,1645445500.75,P18,D13,1,0,0
1047,26.0,58.0,8.0,1645445500.78125,P18,D13,1,0,0
1048,26.0,58.0,7.0,1645445500.8125,P18,D13,1,0,0
1049,26.0,58.0,7.0,1645445500.84375,P18,D13,1,0,0
1050,25.0,58.0,7.0,1645445500.875,P18,D13,1,0,0
1051,25.0,58.0,7.0,1645445500.90625,P18,D13,1,0,0
1052,25.0,58.0,7.0,1645445500.9375,P18,D13,1,0,0
1053,26.0,58.0,7.0,1645445500.96875,P18,D13,1,0,0
1054,26.0,58.0,7.0,1645445501.0,P18,D13,1,0,0
1055,26.0,58.0,7.0,1645445501.03125,P18,D13,1,0,0
1056,27.0,58.0,8.0,1645445501.0625,P18,D13,1,0,0
1057,26.0,57.0,8.0,1645445501.09375,P18,D13,1,0,0
1058,26.0,58.0,7.0,1645445501.125,P18,D13,1,0,0
1059,26.0,58.0,6.0,1645445501.15625,P18,D13,1,0,0
1060,25.0,57.0,7.0,1645445501.1875,P18,D13,1,0,0
1061,25.0,57.0,7.0,1645445501.21875,P18,D13,1,0,0
1062,28.0,58.0,8.0,1645445501.25,P18,D13,1,0,0
1063,27.0,58.0,7.0,1645445501.28125,P18,D13,1,0,0
1064,28.0,57.0,7.0,1645445501.3125,P18,D13,1,0,0
1065,27.0,57.0,7.0,1645445501.34375,P18,D13,1,0,0
1066,27.0,58.0,6.0,1645445501.375,P18,D13,1,0,0
1067,27.0,58.0,6.0,1645445501.40625,P18,D13,1,0,0
1068,27.0,58.0,6.0,1645445501.4375,P18,D13,1,0,0
1069,26.0,58.0,6.0,1645445501.46875,P18,D13,1,0,0
1070,26.0,58.0,7.0,1645445501.5,P18,D13,1,0,0
1071,25.0,58.0,8.0,1645445501.53125,P18,D13,1,0,0
1072,25.0,58.0,8.0,1645445501.5625,P18,D13,1,0,0
1073,26.0,58.0,8.0,1645445501.59375,P18,D13,1,0,0
1074,25.0,58.0,8.0,1645445501.625,P18,D13,1,0,0
1075,25.0,58.0,8.0,1645445501.65625,P18,D13,1,0,0
1076,26.0,58.0,8.0,1645445501.6875,P18,D13,1,0,0
1077,26.0,58.0,8.0,1645445501.71875,P18,D13,1,0,0
1078,25.0,58.0,7.0,1645445501.75,P18,D13,1,0,0
1079,25.0,58.0,7.0,1645445501.78125,P18,D13,1,0,0
1080,25.0,58.0,7.0,1645445501.8125,P18,D13,1,0,0
1081,25.0,58.0,7.0,1645445501.84375,P18,D13,1,0,0
1082,26.0,58.0,8.0,1645445501.875,P18,D13,1,0,0
1083,26.0,58.0,8.0,1645445501.90625,P18,D13,1,0,0
1084,26.0,58.0,8.0,1645445501.9375,P18,D13,1,0,0
1085,26.0,58.0,8.0,1645445501.96875,P18,D13,1,0,0
1086,26.0,58.0,7.0,1645445502.0,P18,D13,1,0,0
1087,26.0,58.0,6.0,1645445502.03125,P18,D13,1,0,0
1088,26.0,58.0,6.0,1645445502.0625,P18,D13,1,0,0
1089,26.0,58.0,7.0,1645445502.09375,P18,D13,1,0,0
1090,26.0,58.0,7.0,1645445502.125,P18,D13,1,0,0
1091,26.0,58.0,7.0,1645445502.15625,P18,D13,1,0,0
1092,26.0,58.0,7.0,1645445502.1875,P18,D13,1,0,0
1093,27.0,58.0,7.0,1645445502.21875,P18,D13,1,0,0
1094,26.0,58.0,7.0,1645445502.25,P18,D13,1,0,0
1095,26.0,58.0,7.0,1645445502.28125,P18,D13,1,0,0
1096,26.0,58.0,7.0,1645445502.3125,P18,D13,1,0,0
1097,25.0,58.0,8.0,1645445502.34375,P18,D13,1,0,0
1098,25.0,58.0,8.0,1645445502.375,P18,D13,1,0,0
1099,25.0,58.0,8.0,1645445502.40625,P18,D13,1,0,0
1100,25.0,58.0,9.0,1645445502.4375,P18,D13,1,0,0
1101,25.0,58.0,9.0,1645445502.46875,P18,D13,1,0,0
1102,25.0,58.0,8.0,1645445502.5,P18,D13,1,0,0
1103,25.0,58.0,8.0,1645445502.53125,P18,D13,1,0,0
1104,25.0,58.0,8.0,1645445502.5625,P18,D13,1,0,0
1105,25.0,58.0,7.0,1645445502.59375,P18,D13,1,0,0
1106,24.0,58.0,7.0,1645445502.625,P18,D13,1,0,0
1107,25.0,58.0,7.0,1645445502.65625,P18,D13,1,0,0
1108,25.0,58.0,7.0,1645445502.6875,P18,D13,1,0,0
1109,26.0,58.0,8.0,1645445502.71875,P18,D13,1,0,0
1110,25.0,58.0,7.0,1645445502.75,P18,D13,1,0,0
1111,25.0,58.0,8.0,1645445502.78125,P18,D13,1,0,0
1112,25.0,58.0,8.0,1645445502.8125,P18,D13,1,0,0
1113,25.0,58.0,7.0,1645445502.84375,P18,D13,1,0,0
1114,24.0,58.0,7.0,1645445502.875,P18,D13,1,0,0
1115,25.0,58.0,7.0,1645445502.90625,P18,D13,1,0,0
1116,25.0,58.0,8.0,1645445502.9375,P18,D13,1,0,0
1117,25.0,58.0,7.0,1645445502.96875,P18,D13,1,0,0
1118,25.0,58.0,7.0,1645445503.0,P18,D13,1,0,0
1119,24.0,58.0,8.0,1645445503.03125,P18,D13,1,0,0
1120,25.0,58.0,8.0,1645445503.0625,P18,D13,1,0,0
1121,25.0,58.0,8.0,1645445503.09375,P18,D13,1,0,0
1122,25.0,58.0,7.0,1645445503.125,P18,D13,1,0,0
1123,25.0,58.0,8.0,1645445503.15625,P18,D13,1,0,0
1124,25.0,58.0,8.0,1645445503.1875,P18,D13,1,0,0
1125,24.0,58.0,8.0,1645445503.21875,P18,D13,1,0,0
1126,26.0,58.0,8.0,1645445503.25,P18,D13,1,0,0
1127,25.0,58.0,8.0,1645445503.28125,P18,D13,1,0,0
1128,25.0,58.0,8.0,1645445503.3125,P18,D13,1,0,0
1129,26.0,58.0,7.0,1645445503.34375,P18,D13,1,0,0
1130,26.0,58.0,7.0,1645445503.375,P18,D13,1,0,0
1131,25.0,58.0,7.0,1645445503.40625,P18,D13,1,0,0
1132,25.0,58.0,7.0,1645445503.4375,P18,D13,1,0,0
1133,25.0,58.0,8.0,1645445503.46875,P18,D13,1,0,0
1134,25.0,58.0,8.0,1645445503.5,P18,D13,1,0,0
1135,25.0,58.0,8.0,1645445503.53125,P18,D13,1,0,0
1136,25.0,58.0,8.0,1645445503.5625,P18,D13,1,0,0
1137,25.0,58.0,9.0,1645445503.59375,P18,D13,1,0,0
1138,25.0,58.0,8.0,1645445503.625,P18,D13,1,0,0
1139,26.0,58.0,8.0,1645445503.65625,P18,D13,1,0,0
