participant,document,eda_max,eda_min,eda_std,eda_mean,hr_max,hr_min,hr_std,hr_mean,bvp_max,bvp_min,bvp_std,bvp_mean,temp_max,temp_min,temp_std,temp_mean
P16,D0,0.551138,0.479362,0.02018205357872986,0.510121352484472,106.08,75.63,7.511319326719529,87.24968944099378,190.79,-125.16,11.591667628032274,0.028231754658385167,26.91,25.57,0.39060914108143296,26.298447204968955
P16,D1,0.5819,0.516532,0.011543880121931699,0.5492328995535708,113.37,77.38,13.347377865393488,91.65678571428573,15.06,-9.47,1.598254352917281,0.00325892857142858,27.57,27.07,0.1360728472205937,27.335714285714317
P16,D2,0.730915,0.505333,0.04105478312236434,0.5655118232323233,108.07,88.0,5.166900407663861,98.21464646464645,147.61,-125.88,15.450176601305518,0.0053835227272728955,27.99,27.63,0.10042436488356922,27.799898989899077
P16,D3,0.479629,0.378373,0.029705308023418506,0.4267567785714273,102.67,82.32,4.5426808826150165,87.50333333333332,195.29,-134.76,10.297324326198181,0.0011019345238095883,29.07,28.55,0.1459046008958407,28.818999999999996
P16,D4,0.3835,0.334795,0.01149084065977315,0.3526021465517244,96.57,87.93,2.2518103147216015,93.039448275862,6.46,-5.49,0.7514695412929606,0.0005344827586206927,29.39,29.11,0.0775800999456015,29.248344827586266
P16,D5,0.360429,0.334795,0.005472166203291732,0.3442743011811033,114.82,100.12,3.443491274633957,106.00401574803148,152.76,-141.77,9.231531130827245,0.000434301181102295,29.61,29.41,0.05836688864344254,29.508740157480275
P16,D6,0.575758,0.443741,0.030452846929435572,0.4922161149425295,128.43,76.48,15.716697406694463,96.93695402298847,126.36,-204.08,10.645169466984127,-0.06115122126436765,30.09,30.01,0.02014772204773714,30.052701149425122
P16,D7,0.509109,0.418107,0.021449620443663605,0.45115122714285494,127.37,89.68,10.682461083384746,103.95817142857152,75.6,-90.21,4.650616901225261,0.0014651785714285693,30.17,30.05,0.028281380820674978,30.120857142857187
P16,D8,0.459122,0.386064,0.017373777593505797,0.4083788059845566,105.78,96.38,2.7422582793208465,102.47610038610041,145.27,-133.51,5.5553582826277825,0.0006937741312741478,30.29,30.15,0.028367793150154166,30.220540540540323
P16,D9,0.395036,0.350176,0.007472105788060711,0.3615143582677142,122.12,97.6,7.862618376843516,110.96161417322833,162.7,-123.93,6.883322671503055,-0.000727116141732315,30.31,30.23,0.015041620238432345,30.276456692913847
P16,D10,0.455277,0.404008,0.009685809645740867,0.42011071610169526,144.43,137.68,1.5440746833307957,142.33457627118645,171.76,-193.11,20.718473802809193,0.041904131355932045,30.29,30.23,0.013025537345991297,30.262372881355986
P16,D11,0.434769,0.406571,0.006802523875401724,0.42022346969696966,138.18,127.8,3.23023195527016,130.43212121212125,69.62,-69.49,9.802721253399467,-0.002173295454545421,30.29,30.25,0.010216259781052162,30.264545454545445
P16,D12,0.434769,0.402726,0.008942821338857038,0.41551278571428557,129.62,112.53,5.217737488104738,121.27642857142857,102.38,-79.3,10.45590187024239,-0.005926339285714059,30.27,30.23,0.0106476877063994,30.25333333333335
P16,D13,0.475784,0.396318,0.017068060026276782,0.42316724568965514,115.08,100.07,4.902703974476026,107.82913793103445,109.95,-85.97,9.973865539259775,0.0016352370689655565,30.27,30.21,0.013098772745563215,30.252241379310348
P08,D0,2.412826,0.430924,0.1330390084277244,0.5428776445578233,113.62,81.0,11.566939089866247,101.26952380952375,10.08,-6.42,0.8346898121408715,0.004553571428571407,23.43,21.65,0.5086678051025092,22.634421768707504
P08,D1,0.397599,0.339922,0.016168480815536818,0.368753475000001,111.27,102.67,2.5377627254014428,107.36088888888882,2.45,-2.02,0.5532453329503275,0.00274131944444444,24.33,23.81,0.14421587038254496,24.071333333333314
P08,D2,0.346331,0.296344,0.012356200847473263,0.3189701866666669,116.4,105.33,3.8856051182711715,111.95160000000001,2.03,-2.17,0.5571534622637032,0.0018604166666666747,24.71,24.41,0.0863855142900289,24.55746666666669
P08,D3,0.197651,0.124594,0.01736473216797513,0.1463596797385619,135.95,104.2,10.790011320978559,119.23287581699347,7.44,-3.11,0.6436421289359769,-0.001988357843137255,25.59,25.09,0.14093380172120917,25.35202614379085
P08,D4,0.139974,0.120748,0.003728109474830657,0.1280561658163264,126.85,103.22,7.441723098032387,119.12836734693883,22.24,-18.43,1.799275055661637,-0.0003475765306122656,25.81,25.59,0.054104364123744364,25.707040816326614
P08,D5,0.137411,0.125875,0.0017177735066711884,0.13222926704545437,112.17,101.28,2.855852043791705,104.0039772727273,2.31,-2.76,0.6271017577173996,0.00233487215909091,25.99,25.83,0.042466678742500825,25.897499999999944
P08,D6,0.433487,0.295062,0.03448125357741049,0.3602222100000011,184.68,94.12,21.856067720357842,133.68733333333338,316.46,-190.52,13.811713663219594,0.0669260416666665,27.35,27.07,0.07602509616984955,27.216466666666644
P08,D7,0.295062,0.232258,0.016733361115807577,0.26738315702479326,175.22,127.32,16.61284835381932,145.00619834710744,14.02,-7.53,0.9752699467465925,0.002193956611570229,27.47,27.37,0.025895061599042767,27.418347107438162
P08,D8,0.25661,0.207905,0.012094786598446625,0.23376685080645143,171.32,102.53,25.267126772231823,132.8139247311828,2.84,-3.44,0.5874484809793463,-0.0007258064516129012,27.49,27.41,0.014506752979057319,27.461290322580847
P08,D9,0.305316,0.193806,0.028763176943300908,0.2413068850267376,149.82,111.22,11.174277095899798,133.64695187165776,11.26,-9.14,0.991894268295019,-0.0006074532085561578,27.51,27.43,0.01696557762612356,27.478288770053524
P08,D10,0.314288,0.24892,0.012438303600563416,0.27656212109375033,123.18,110.28,3.8390787042751615,118.17218750000002,342.25,-148.9,20.857352182619017,-0.0014501953125000276,27.47,27.41,0.014169838168641218,27.44999999999995
P08,D11,0.284808,0.269428,0.0033440727665458624,0.27705722972973007,108.65,96.08,4.430240877676319,102.77864864864864,5.37,-4.75,1.145781224973041,0.015046452702702752,27.45,27.37,0.01676108574107589,27.414864864864807
P08,D12,0.30147,0.270709,0.006498278159637249,0.27953557575757604,99.55,91.62,2.66004378808798,95.40272727272728,3.92,-3.51,0.7307842995400288,-0.008072916666666666,27.41,27.35,0.015723730980209346,27.37969696969692
P08,D13,0.289935,0.270709,0.0033997097444645437,0.2769997675438598,101.62,93.52,2.8773040892570156,97.47456140350879,4.18,-4.34,0.7820411570324269,0.0016145833333333134,27.37,27.33,0.014503131732447203,27.351052631578955
P12,D0,0.188401,0.165332,0.0065640389302789245,0.1765292849740927,142.25,59.34,24.539938956716092,106.5044559585492,31.4,-23.36,2.074151703935317,0.0031970531088083066,24.97,23.55,0.40907087864702385,24.302797927461132
P12,D1,0.203781,0.187119,0.004369997798834414,0.1953286372549021,155.37,110.35,16.95117570833176,132.52,7.62,-4.31,0.6667243732171614,-0.005747549019607831,25.81,25.13,0.18727353706181513,25.474313725490198
P12,D2,0.225569,0.205062,0.004831619862064187,0.2147453759842514,140.68,108.1,10.551943341108585,124.62259842519684,122.09,-93.0,8.184093914909212,0.005495816929133726,26.41,25.91,0.14439917081829207,26.157165354330708
P12,D3,0.244793,0.225569,0.0042558809316206765,0.23417446714743753,129.28,90.98,7.087965927555578,100.21032051282047,134.49,-118.63,6.777121615313643,-0.006528946314102519,27.47,26.77,0.19155713689994436,27.189903846153765
P12,D4,0.270426,0.240948,0.00290706256789042,0.24838631213872947,114.67,90.47,7.558514176120305,101.64919075144508,134.17,-113.09,7.845044556194754,0.0004859104046243068,27.69,27.47,0.05524163577060209,27.588092485549225
P12,D5,0.256328,0.24992,0.0011144055737170974,0.2533743347701128,115.7,96.6,5.865883501503057,106.47477011494257,4.74,-4.61,0.6469021923470623,0.0008611709770115,27.65,27.55,0.02432150486928996,27.610344827586268
P12,D6,0.311439,0.271708,0.008465849256730117,0.2931425650406513,151.93,71.83,24.329137539030526,106.2711382113822,188.51,-129.63,13.187916624453898,-0.002780741869918695,27.51,27.37,0.02927467350846827,27.444593495934978
P12,D7,0.3281,0.301185,0.007551544638151792,0.3165475379746841,150.07,97.42,14.134644409049132,110.37316455696207,121.6,-91.53,6.714469632894669,0.0031533491561181954,27.43,27.25,0.04340868834074484,27.345949367089087
P12,D8,0.519064,0.325537,0.014845989059505724,0.34694985734072303,133.43,97.17,11.000928639555598,110.57163434903053,114.61,-92.8,5.336620686937695,-0.0006808344875346969,27.31,27.07,0.057069388725404104,27.20648199445945
P12,D9,0.393463,0.346043,0.008156939694982265,0.3638732678983816,116.7,84.87,6.864152892138478,98.34480369515003,108.84,-106.08,6.793517184801636,0.0009642032332563417,27.57,27.05,0.14689932052825547,27.23108545034654
P12,D10,0.38321,0.374239,0.002276890040707956,0.3777482732558146,106.28,85.47,6.746562609591912,93.19988372093025,13.12,-92.46,4.269289110425729,-0.26854106104651243,27.73,27.65,0.017743014504283883,27.699767441860317
P12,D11,0.389619,0.380647,0.0017982193608608913,0.3854417991071433,110.88,95.85,4.491235299223033,101.56267857142858,21.54,-11.3,1.814137648528463,0.002329799107142851,27.77,27.71,0.012269658623687396,27.735357142857083
P12,D12,0.394745,0.387055,0.0014355039462034564,0.3902071887755113,118.68,102.45,5.6841128023940675,112.24693877551017,20.27,-10.24,1.580104963731285,-0.003450255102040787,27.79,27.73,0.015901317869747647,27.751224489795984
P12,D13,0.401153,0.3909,0.0016430324201516249,0.39488875961538444,131.23,110.13,6.902033314137502,122.4210256410256,41.25,-30.51,3.542689491613801,0.003309294871794908,27.83,27.75,0.018521490037422785,27.802051282051345
P09,D0,0.490898,0.302485,0.05028688588089718,0.3815995521978031,125.22,75.03,15.027785085720375,104.37351648351647,112.79,-90.62,5.307770123797347,-0.0014800824175824354,24.45,22.09,0.6850734518834938,23.41879120879122
P09,D1,0.294795,0.256343,0.009903876772842922,0.2729306621621624,137.53,102.28,13.932006921883762,115.85396396396395,28.36,-35.3,2.325872478327383,0.00010275900900900776,25.57,24.83,0.21280384818620945,25.226666666666706
P09,D2,0.257625,0.243526,0.003066834052073988,0.25048414523809515,138.67,96.53,15.257874366475502,115.47790476190481,21.67,-17.6,1.90641459540655,0.0035773809523809716,26.27,25.73,0.14988570862708073,26.004380952380856
P09,D3,0.310176,0.233272,0.01734834629443184,0.257788873348017,116.5,87.48,6.535793203544694,96.84925110132161,132.91,-127.01,11.227858540485624,-0.003407901982378874,27.55,26.71,0.23123006736650945,27.151453744493416
P09,D4,0.266597,0.235836,0.005402817569464833,0.24459975416666635,119.5,84.2,9.726135940656722,98.192,26.13,-14.62,1.9824408554052972,-0.0002721354166666633,27.95,27.59,0.09320367024709689,27.774416666666706
P09,D5,0.257625,0.233272,0.004771340775732642,0.24305599460431682,98.08,74.37,8.266105475307734,86.62410071942442,20.78,-22.62,1.5846907225963707,-0.0016119604316546683,28.31,27.97,0.09490487338670495,28.148561151079143
P09,D6,0.320696,0.177144,0.03386986722499839,0.2215616218274096,135.75,90.07,14.416949997804679,104.1195431472081,6.65,-4.17,0.6742061408798731,0.00043861040609135946,29.09,28.97,0.02405823939655068,29.02761421319811
P09,D7,0.170735,0.125875,0.012390343279022782,0.14615026683937768,169.13,128.62,13.794660571849178,150.57870466321242,2.79,-2.6,0.6574413394362391,0.0002849740932642418,29.03,28.95,0.015107347804596686,28.98979274611399
P09,D8,0.138692,0.110495,0.005329902227079866,0.1236873223905725,152.62,96.22,19.482501415198488,127.66457912457916,4.55,-4.57,0.7215558253075463,0.001395728114478111,29.03,28.93,0.014070972918332359,28.981784511784976
P09,D9,0.152791,0.119467,0.0064259644536165325,0.1334260845588227,140.5,92.1,10.82598856384589,108.58758823529412,206.22,-170.16,10.525578378781768,0.0006737132352941091,29.01,28.85,0.03072618051546444,28.9430882352946
P09,D10,0.156636,0.12972,0.00449481172828976,0.13742885849056585,120.02,95.13,8.209265394443072,103.97962264150942,159.31,-65.21,10.35972741665877,0.06985849056603712,28.71,28.53,0.05118850358276931,28.61641509433966
P09,D11,0.154073,0.139974,0.003124187966882792,0.14513767142857137,102.83,100.13,0.8201145646552465,101.37342857142856,1.84,-1.67,0.531432181597338,0.00039732142857142744,28.49,28.39,0.024264727041886144,28.431999999999945
P09,D12,0.163045,0.148946,0.0032590612366334634,0.15457896052631573,114.07,104.17,3.0842327420927345,109.93052631578946,1.96,-1.91,0.5646855887033587,0.003803453947368416,28.37,28.27,0.025641983698397583,28.326842105263125
P09,D13,0.16689,0.155355,0.0022297200514992768,0.15882729651162764,110.6,105.05,1.4803954007749611,106.81093023255814,1.69,-1.64,0.5292933378876308,0.0004651162790697672,28.29,28.21,0.015251640537977432,28.246744186046467
P18,D0,0.158923,0.112784,0.011890453314868052,0.14370388719512184,107.68,71.39,13.979126070825211,90.29780487804881,145.02,-176.03,12.043506628439669,0.010198170731707317,25.23,25.15,0.020714387061082116,25.199085365853286
P18,D1,0.14867,0.120474,0.00658660764998378,0.13845768000000022,98.4,80.68,3.9394087548523826,94.15206666666667,224.73,-143.15,21.202019599499916,0.02341562499999987,25.27,25.15,0.02611996637238176,25.1995333333332
P18,D2,0.203781,0.142262,0.010015724695079897,0.1548677916666665,101.15,70.88,6.273309601878786,82.65814814814814,194.08,-297.42,22.07757079905471,-0.025198206018518764,25.55,25.29,0.06757514539373914,25.40185185185185
P18,D3,0.160205,0.139699,0.0035853640068927253,0.14931275131578867,139.93,75.57,16.84848623463766,100.35347368421057,271.38,-166.8,13.457473762010203,-0.0010271381578948297,26.03,25.73,0.08173914002481573,25.879631578947432
P18,D4,0.161487,0.142262,0.0030409913487997125,0.15413920229007655,153.82,79.57,26.094069746976423,109.24496183206104,97.48,-91.89,9.385424059237696,0.002532204198473256,26.19,26.01,0.040843856694263235,26.114351145038082
P18,D5,0.152515,0.144825,0.0014278187468027474,0.14895030180180188,92.5,83.35,2.935623498254727,87.53036036036032,262.05,-110.46,17.073393842501805,0.004325731981981892,26.25,26.17,0.0173130508052207,26.210180180180043
P18,D6,0.196091,0.17174,0.004051158693709208,0.18515741123188353,136.87,74.68,17.201724473892163,96.8626811594203,202.52,-149.03,12.531494105042261,-0.2213281250000001,26.59,26.41,0.046650619298271,26.49826086956518
P18,D7,0.192246,0.178148,0.0017477598483371572,0.18271109929078078,110.68,95.82,4.464949923759716,103.14879432624109,20.03,-13.38,1.94270380129064,-3.1028368794338975e-05,26.67,26.59,0.02279799466564934,26.629432624113267
P18,D8,0.183275,0.138417,0.011258271244360966,0.15364820000000023,112.6,78.62,10.419957942738304,94.09281818181817,156.6,-133.91,10.254679879428307,0.0034034090909090915,26.69,26.61,0.01664458149933062,26.65600000000021
P18,D9,0.158923,0.132009,0.004674314703411331,0.15317911111111254,131.48,98.48,8.143340397157445,122.8478260869565,117.26,-129.72,5.374910813544311,-0.006195652173913066,26.69,26.61,0.017063173349613835,26.64347826086941
P18,D10,0.16405,0.153797,0.001598924175060404,0.15774537499999985,107.52,90.92,5.2139415467343815,100.43882352941179,303.63,-144.21,26.766224149486728,-0.0011534926470581411,26.67,26.61,0.016560445827726623,26.632058823529484
P18,D11,0.162768,0.157642,0.0010901496265474774,0.1600676428571427,83.78,77.27,1.9595950747904176,80.42142857142856,55.45,-52.13,9.636728910251087,-0.0268675595238094,26.65,26.59,0.014154300903936066,26.61142857142855
P18,D12,0.157642,0.14867,0.001928109816968256,0.1542573281249999,89.63,85.03,1.3113633326895255,87.921875,96.5,-53.71,8.199876576938314,0.00836425781249991,26.67,26.61,0.016156225488871176,26.63812500000006
P18,D13,0.162768,0.146107,0.00328397985325328,0.1560752083333332,82.47,79.85,0.707847620585289,80.93444444444445,25.26,-28.58,3.4314242339600693,-0.038793402777777757,26.75,26.67,0.018715553699314793,26.707222222222253
P11,D0,0.47677,0.456264,0.003199327293210052,0.4623462789256182,99.63,70.57,10.103355033546247,86.83768595041329,151.2,-125.37,10.307423211574315,-0.004828254132231474,25.69,25.37,0.08278769745947022,25.54983471074374
P11,D1,0.471643,0.460109,0.0018133292338829807,0.4653182323529424,173.63,120.27,18.642409267724013,156.02929411764705,7.79,-8.32,0.9477753421204599,-5.882352941176673e-05,25.95,25.75,0.04798359948863282,25.858588235294146
P11,D2,0.462672,0.452419,0.0020390544804552648,0.4572299531250002,167.93,167.1,0.23893317580444845,167.54671874999997,2.33,-2.34,0.7131733238826904,0.002307128906250001,26.11,25.99,0.03255764119219895,26.05437500000003
P11,D3,0.46908,0.438321,0.008164394009264903,0.45046820467032633,141.02,92.42,14.692425328903774,111.62390109890106,179.33,-150.64,9.912929474709724,-0.012266483516483443,26.49,26.25,0.06656318333460827,26.38829670329697
P11,D4,0.454982,0.438321,0.003671972395397529,0.44613785877862816,149.43,124.78,9.006890713064498,138.7463358778626,1.88,-2.07,0.5700971064848313,0.0033361164122137346,26.59,26.47,0.023669968198311273,26.537175572518905
P11,D5,0.46139,0.449856,0.0017948442570502054,0.45530507884615606,151.42,146.1,1.6823345082753456,148.91353846153848,2.18,-2.58,0.5836354014796241,0.00229927884615384,26.71,26.59,0.02735946073833952,26.65076923076922
P11,D6,0.51036,0.48729,0.005505504692485513,0.4978746113013691,114.25,97.73,4.791079839881708,105.07609589041097,57.9,-42.95,2.534756593682046,-0.008900898972602805,27.69,27.57,0.026159432158991847,27.625273972602564
P11,D7,0.496262,0.480882,0.0027394609560293004,0.4882251629629638,143.55,115.42,10.896768150716012,129.24437037037035,1.71,-2.02,0.5204325272004398,-0.0001585648148148161,27.73,27.63,0.01924300938765594,27.683851851851806
P11,D8,0.910231,0.486008,0.03422138732277289,0.5211163002232128,123.77,72.97,13.858844426361124,102.54875000000003,227.89,-245.21,16.00376343875637,0.0138030133928572,27.73,27.57,0.044220819146299536,27.65415178571436
P11,D9,0.591103,0.500107,0.011709056331835362,0.5201900519230784,121.8,73.08,14.574236599787564,93.60965384615388,297.19,-419.6,22.34231769924594,0.09313521634615424,27.61,27.47,0.027993563443842236,27.557807692307215
P11,D10,0.559062,0.529584,0.004505157704655849,0.537350499999999,113.62,99.28,4.12711226294321,107.74477611940296,163.33,-206.86,16.69514631561262,-0.0478194962686564,27.41,27.33,0.015979751288020858,27.36432835820901
P11,D11,0.542401,0.533429,0.001723309428682237,0.5367874259259258,98.22,93.3,1.567302744123767,95.70925925925928,18.49,-11.19,2.262565701547055,-0.014380787037037036,27.35,27.29,0.018545221315608172,27.323333333333295
P11,D12,0.543682,0.534711,0.0017275239913668388,0.5381751562499999,97.58,93.52,1.4718712031661196,94.94874999999998,1.56,-1.41,0.5534458519986858,0.0021728515625,27.31,27.25,0.016092131397467995,27.286562499999977
P11,D13,0.569315,0.529584,0.013514400357341833,0.5501532009803927,116.98,101.62,5.440811581617827,106.70666666666664,236.0,-123.39,18.497760236534297,0.051853553921568464,27.27,27.21,0.014472267867738451,27.2388235294117
P13,D0,5.098644,3.474913,0.3831170762586662,4.124970752380948,87.63,79.43,2.2327685019164396,83.85876190476189,346.0,-371.25,21.203406460076934,-0.08337202380952369,25.47,24.79,0.1987728233422911,25.161238095238097
P13,D1,6.986791,5.003803,0.39657252268478616,5.848239733974361,92.58,87.93,1.3000153435401802,90.09128205128201,135.69,-117.5,12.26052033771326,0.018681891025641103,25.97,25.63,0.09481043221027458,25.80115384615389
P13,D2,5.67601,4.388202,0.2318818581112914,4.72989946835443,95.47,77.27,6.478858690528781,83.98506329113928,8.06,-5.26,1.0313137926022689,0.0029786392405063296,26.43,26.09,0.0994839810594764,26.257468354430458
P13,D3,7.620736,5.856262,0.3642623309415123,6.506570084112143,90.7,61.37,8.942206571486203,76.28897196261681,263.03,-215.51,20.108078998460005,-0.023360105140187173,27.41,27.03,0.10566480335784037,27.224766355140126
P13,D4,6.473423,5.255632,0.2915507724719133,5.729421069587631,106.98,94.38,3.5297974318356857,102.92391752577319,132.99,-133.34,11.013483573001315,-0.004780927835051593,27.73,27.45,0.07873666168288254,27.58855670103091
P13,D5,7.629707,5.743478,0.40896882965481596,6.7167051897590335,113.12,98.98,5.425127200584453,107.2067469879518,176.31,-170.02,18.233786660675733,-0.009841867469879723,27.97,27.75,0.06128342583992448,27.86951807228914
P13,D6,9.345387,6.818896,0.4436991257604629,7.520079825704223,109.1,73.42,11.413748129952259,91.99528169014083,281.24,-199.77,18.041591330852096,-0.023627860915492734,29.23,29.15,0.015414550471773576,29.19908450704211
P13,D7,9.731766,6.915834,0.49651712328305825,7.799119041666665,99.85,80.35,5.016831885964673,85.73157407407406,195.34,-145.07,18.225304360621283,0.019305555555555493,29.23,29.17,0.012182550629069706,29.198055555555374
P13,D8,10.062421,6.311936,0.796825121857171,7.646350121468928,104.13,82.98,6.784464516076593,91.97723163841806,142.09,-176.73,8.057823160933925,-0.014400600282485961,29.41,29.21,0.04948493286302987,29.32480225988696
P13,D9,7.806573,3.75431,0.7497668380553837,4.9122411454248365,97.92,69.88,6.28374427707421,80.6846405228759,205.05,-243.59,19.013574428208557,-0.006247957516339883,29.53,29.37,0.036423967250765424,29.43738562091505
P13,D10,4.008075,3.404345,0.16630597559099342,3.656833544117646,112.6,105.75,2.1951824785384013,108.89264705882353,62.13,-31.64,7.139426494061688,-0.04494944852941193,29.63,29.57,0.015787256657408023,29.597647058823576
P13,D11,4.750906,3.29156,0.34370450704990235,4.044102363636362,115.47,100.63,4.876290738218587,107.99636363636361,3.75,-3.78,0.7554711110846497,-0.002244318181818171,29.67,29.63,0.016582949586216034,29.645757575757642
P13,D12,4.866254,3.949881,0.22349678183751565,4.228610206521739,101.8,96.4,1.7771088346740809,99.28608695652176,2.28,-1.52,0.4872804066968909,-0.002201086956521743,29.73,29.67,0.014131996679454183,29.697391304347864
P13,D13,4.490734,3.69151,0.16442221332655962,3.9372525708955224,117.38,94.98,6.386365168334783,102.60223880597016,7.14,-4.92,0.6901253225404326,-0.0049370335820895506,29.85,29.73,0.027325283872058202,29.796417910447868
P15,D0,2.504327,1.990359,0.13433235359444323,2.249885677304965,103.22,76.73,9.339217190455336,93.13631205673755,7.94,-9.09,1.2164571040599033,0.008274601063829806,29.19,28.61,0.16775663143824468,28.933546099290826
P15,D1,3.097961,2.153137,0.19057901912155992,2.4556718207964625,105.87,83.25,6.256329078606958,98.80017699115042,7.09,-6.07,0.8880656418088451,0.0008075221238937993,29.55,29.33,0.06356628544173384,29.450353982300832
P15,D2,2.346676,1.905266,0.10338886674766319,2.0828778242574244,105.45,100.92,1.6152168416483754,103.55633663366335,4.11,-3.0,0.7099570194744804,0.001854888613861398,29.77,29.61,0.046549727543387355,29.68465346534642
P15,D3,2.939028,2.027529,0.198359616862471,2.351791270967739,203.43,90.5,43.872345004524924,146.62619354838702,3.4,-3.35,0.6722080365532573,0.0015846774193548389,30.17,29.93,0.058954180455621806,30.046451612903255
P15,D4,3.018495,2.25952,0.16718824121898426,2.50254400819672,206.27,144.38,16.617570793307504,191.50934426229506,7.75,-8.12,1.0765722488052945,0.001420338114754097,30.31,30.15,0.04084170134335889,30.233524590164038
P15,D5,2.57354,2.010866,0.13978029285263613,2.226172453488373,109.12,103.18,0.881514131069488,104.38317829457364,7.01,-7.69,1.1969005163823312,0.0014292635658914744,30.43,30.31,0.028761652132676434,30.369147286821693
P15,D6,2.937747,1.660458,0.3624260335308328,2.133537848484849,106.28,92.87,3.7456242675512277,99.11272727272731,8.45,-9.17,1.1163375076446034,-0.0003440656565656672,30.63,30.49,0.03035585175278411,30.547777777777732
P15,D7,1.660458,1.473327,0.044113926997594415,1.54671078174603,101.57,95.82,1.6301527457889249,98.09515873015869,5.27,-6.76,1.0251859187907262,-0.0016691468253968232,30.67,30.57,0.018095786176844084,30.617777777777608
P15,D8,2.556878,1.261645,0.39674822895364215,1.716210169014087,123.22,99.87,5.895301744994967,107.33164319248826,3.52,-3.55,0.6901810638397855,0.0005934565727699502,30.71,30.61,0.01865819954069189,30.649201877933965
P15,D9,2.320542,1.760432,0.12239409270811433,1.9320515502645519,109.6,66.9,11.63474663972998,91.41513227513224,239.32,-137.21,8.61286659987722,0.013307705026455134,30.77,30.69,0.021681964212088973,30.736613756613682
P15,D10,2.299253,1.830926,0.12467064990285633,2.0476216741573063,139.2,95.18,14.214285820042134,125.45303370786519,225.43,-190.03,10.765994641642138,-0.3714238061797761,30.77,30.69,0.015954120008464568,30.729662921348112
P15,D11,1.737361,1.592527,0.03873039559238345,1.6687739999999995,149.7,135.37,4.016214587982662,146.0635714285714,2.89,-3.94,0.7994935259942605,0.0007328869047619022,30.73,30.67,0.014055168501999862,30.705238095238094
P15,D12,2.125721,1.684811,0.10819615224382347,1.8334521764705887,129.5,124.2,1.5432992415664586,125.70823529411764,2.45,-3.57,0.6924540382902851,0.0008318014705882354,30.73,30.67,0.013079278960491447,30.700882352941207
P15,D13,2.570977,1.91552,0.12505587434055299,2.2204760779569894,153.43,128.12,6.2040549954926085,144.97806451612905,2.79,-2.56,0.6313821930616502,0.0006334005376344066,30.73,30.67,0.013622916804885725,30.700967741935347
P19,D0,0.474207,0.393463,0.021201357804657303,0.42951885174418636,156.93,94.15,20.877815431203103,116.2448837209302,2.12,-2.77,0.6116285384579095,0.004763808139534879,26.63,25.93,0.1947625733319623,26.315000000000076
P19,D1,0.452419,0.378084,0.012979762838461308,0.4211814475806445,168.77,153.27,5.578404288619718,163.49282258064522,2.95,-4.07,0.6300551939049827,0.0036050907258064514,27.03,26.69,0.08999761048201842,26.872338709677436
P19,D2,0.419096,0.380647,0.01089010081536423,0.3997210250000002,166.33,153.22,4.224413531706939,158.77009999999999,2.18,-3.12,0.6046495651985518,0.00016874999999999892,27.29,27.05,0.06256978059422169,27.185900000000025
P19,D3,0.454982,0.380647,0.01657296599436911,0.4262571375598081,159.57,78.28,29.202045103579742,122.05679425837329,3.48,-2.01,0.6203328899015318,0.0012178528708134005,27.93,27.53,0.10867383048619204,27.744354066985576
P19,D4,0.433194,0.38321,0.00479351784454195,0.3919047969924802,168.52,151.2,4.26109967600494,154.5115037593985,2.26,-2.13,0.6138350780043087,0.0005932800751879716,28.21,27.95,0.0665609373569085,28.068120300751836
P19,D5,0.49215,0.412688,0.0255319754749222,0.44895893067226966,176.08,172.13,1.0207702825831435,174.2726050420168,2.71,-2.29,0.6104537562940039,-0.0007155987394958031,28.41,28.21,0.05537229551073606,28.306218487395007
P19,D6,0.477037,0.329648,0.019843459763587007,0.42779879678362487,113.27,83.98,6.768534603672687,101.18403508771932,149.04,-90.55,5.425928443703541,0.004759685672514661,29.21,29.11,0.021377558126172213,29.146608187134415
P19,D7,0.482164,0.383477,0.02032967241678037,0.4108427372611474,146.43,78.73,19.356996982325814,123.22133757961781,2.44,-3.43,0.6717694922361903,1.7914012738849233e-05,29.27,29.11,0.03567450608915685,29.18407643312086
P19,D8,0.538556,0.411673,0.021080997173748284,0.45187343110236067,110.18,86.87,6.597515912084032,99.33846456692916,2.53,-2.49,0.6220970847293744,-0.00016732283464567025,29.37,29.23,0.02807590546966367,29.30657480315005
P19,D9,0.528303,0.419363,0.02227567905870587,0.46875974147727323,153.3,103.43,13.039684600814104,137.52018939393935,4.25,-2.75,0.6467306906326424,-0.00010771780303030076,29.43,29.33,0.021418026716938546,29.382310606060493
P19,D10,0.591103,0.501388,0.01824824187624578,0.548179433035714,109.53,91.92,4.985329699006096,106.09428571428573,131.51,-81.62,8.349339761133717,-0.00020926339285716925,29.45,29.41,0.013778470611874812,29.42946428571426
P19,D11,0.552654,0.519331,0.007475626803746594,0.5331766439393939,106.6,101.67,1.5561305327151966,105.25212121212121,2.58,-1.96,0.6133181122846455,-0.00032670454545454675,29.45,29.41,0.012966263454492553,29.42242424242418
P19,D12,0.539837,0.48729,0.013478106521872313,0.5057377375000001,93.52,88.13,1.6597968480880652,91.02225,2.07,-1.72,0.5975788037280757,-0.0007148437500000016,29.43,29.37,0.014397763627878752,29.41199999999997
P19,D13,0.630834,0.47191,0.033446819405040684,0.544532772727272,106.05,97.07,2.364369592306493,101.45563636363639,2.09,-1.9,0.5723021663025232,-0.0005937499999999996,29.43,29.37,0.013268001000919133,29.382181818181778
P10,D0,0.26147,0.233272,0.007739033023148349,0.24795125365853493,100.38,59.21,10.60478874351563,88.7416585365854,24.83,-22.57,1.5490287534167249,0.0007835365853658602,24.95,23.59,0.3907366249009846,24.327609756097512
P10,D1,0.244808,0.234554,0.0017880111937838244,0.23968115090090103,127.73,99.13,7.110749380814708,106.61243243243239,5.75,-5.28,0.9264198372042527,0.0029983108108107997,25.45,25.07,0.11439228887371423,25.273513513513624
P10,D2,0.238399,0.231991,0.0009899222785882632,0.23445171808510734,144.95,132.42,4.234082356000164,139.69297872340422,7.31,-3.59,0.7810186917388982,0.00244847074468084,25.75,25.51,0.06569277300839056,25.63585106382967
P10,D3,0.326838,0.231991,0.007814207090683967,0.2447424559659092,134.5,87.05,16.90733609121493,114.08511363636366,336.7,-148.29,10.283244990784222,-0.2091725852272747,26.25,25.91,0.08814449697561372,26.083124999999907
P10,D4,0.237118,0.229427,0.001646388286666839,0.23419564618644237,105.93,79.2,8.252998680658235,90.22644067796607,7.13,-7.4,0.8200629557456863,0.004859639830508487,26.43,26.25,0.04603975301651255,26.348135593220302
P10,D5,0.240963,0.21661,0.005170660748305319,0.23206934068627486,127.18,112.57,4.517813290173572,122.33647058823533,8.55,-9.41,1.2450067791718928,0.010502450980392136,26.57,26.43,0.03200604558202677,26.496078431372567
P10,D6,0.29095,0.26147,0.00485711701065307,0.27858912581699263,107.38,86.6,6.946467181506696,98.21830065359481,335.96,-174.24,14.609449730402504,0.01820567810457516,27.09,26.97,0.027462842476901866,27.024640522875735
P10,D7,0.275569,0.257625,0.0030452467601097422,0.26795843959731425,107.7,93.67,2.6714818954780255,101.5554362416108,6.89,-6.57,0.9783327472424395,-0.002460151006711416,27.19,27.07,0.029530035735611505,27.118389261744788
P10,D8,0.274287,0.247371,0.007322053996452274,0.262059514218009,108.18,63.07,12.46114854698023,89.34222748815165,20.88,-9.44,1.1923755264724012,0.0013240521327014185,27.39,27.15,0.06103398821766114,27.255023696682528
P10,D9,0.271724,0.244808,0.0046464511984546444,0.2642853594420589,124.0,100.72,7.301366917562823,115.65703862660946,18.44,-16.68,1.6894706886193205,-0.0015162285407725568,27.63,27.39,0.06003540918588945,27.52021459227463
P10,D10,0.324274,0.256343,0.009122140777289765,0.2633310964912276,93.8,72.0,5.985228401870424,77.95263157894738,218.33,-147.41,20.245773378188147,-0.0024040570175439305,27.77,27.69,0.019063798015491826,27.72824561403506
P10,D11,0.262752,0.255062,0.0011796361224178983,0.25757375000000043,154.75,125.17,8.95932986705293,139.688,1.75,-1.56,0.5325540239839888,0.003787500000000001,27.79,27.75,0.01064391512991927,27.772799999999982
P10,D12,0.262752,0.252498,0.0024570600507955935,0.2579196891891889,132.95,119.93,3.599889387690071,124.2127027027027,7.71,-8.53,1.995734037977037,-0.013044763513513498,27.81,27.75,0.014472396712124564,27.77972972972971
P10,D13,0.26147,0.255062,0.001522157960989085,0.2586866041666665,139.93,131.23,3.1321080013171487,135.97625,5.26,-5.05,0.9508505996187574,6.835937499999192e-05,27.79,27.75,0.011387203865188307,27.777916666666723
P05,D1,0.457812,0.402702,0.015199542265539094,0.4259337876712328,122.93,93.8,10.0041029425397,105.03219178082195,4.78,-7.11,0.9796469488492853,-0.006645976027397262,26.47,26.21,0.07709355780412555,26.344246575342474
P05,D2,0.51036,0.407828,0.02062986290282036,0.4673625186567162,121.15,95.12,8.417348470219647,104.99805970149254,12.35,-16.97,1.9450217061992328,-0.0008558768656716637,26.75,26.51,0.0646584441933195,26.640746268656653
P05,D3,0.726957,0.64365,0.019711185626791083,0.687796951612904,116.37,91.3,9.069876393989912,104.32322580645167,8.29,-7.43,0.8170493894232118,0.0017351310483871077,27.35,27.05,0.07469664947516198,27.20241935483867
P05,D4,0.648777,0.542401,0.029954279743466223,0.5948938663366334,103.23,89.83,3.0781504508421618,93.93910891089108,2.88,-3.49,0.7163492458060082,0.0010705445544554537,27.53,27.37,0.03952261626303908,27.44950495049503
P05,D5,0.552654,0.486008,0.016643119331313985,0.5180178302469143,134.72,93.05,14.018574980193554,105.24827160493825,6.52,-5.08,0.8678591779499707,0.004729938271604938,27.61,27.51,0.02106516463694985,27.566543209876542
P05,D6,0.774446,0.496331,0.07508074185333172,0.6112929264705881,115.07,82.73,7.348895193205271,91.39241830065355,8.2,-17.44,1.1845827329710268,-0.009760008169934583,24.19,24.07,0.0271712632718734,24.132026143790792
P05,D7,0.542401,0.450123,0.02503712512232354,0.49496312407407433,111.13,81.05,8.916615191804429,97.63370370370372,166.21,-120.28,10.521669678116337,0.001844907407407484,24.57,24.21,0.10762760312823835,24.388518518518538
P05,D8,0.453967,0.351436,0.02901394456952584,0.38703106571428536,101.1,92.55,2.197174798890641,96.4289714285714,8.3,-6.73,0.8404720850831163,0.0003946428571428552,25.17,24.61,0.14940896160911896,24.881771428571497
P05,D9,0.420645,0.339902,0.022426202678696796,0.3624849460227276,105.1,94.87,3.070111973929864,99.29318181818184,138.45,-113.87,7.8404179027118674,-0.0017196377840909202,25.67,25.19,0.13549164276067052,25.428522727272785
P05,D10,0.500107,0.455249,0.010349885311798786,0.47882471028037393,113.48,77.27,10.453015314536373,92.48971962616822,8.34,-7.08,0.8773610551751337,-0.002168516355140184,26.01,25.85,0.04175335958479357,25.927102803738222
P05,D11,0.455249,0.428335,0.005728316955368667,0.44191839473684225,121.95,114.05,2.4021293452228285,118.97552631578944,2.2,-2.81,0.6236352754309931,0.010896381578947378,26.05,25.99,0.015295395097498533,26.022105263157986
P05,D12,0.438588,0.412955,0.007346820206881943,0.42388214655172385,109.05,107.37,0.5537745535483153,108.18655172413794,1.89,-1.82,0.5571117516097809,0.0024838362068965456,26.09,26.03,0.0148919144317401,26.06206896551727
P05,D13,0.4168,0.360408,0.015621733338457363,0.387658060240964,122.4,109.25,3.765140597673192,116.5677108433735,3.49,-3.06,0.6676998603764592,-0.0005308734939759042,26.21,26.09,0.030041163717305495,26.148795180722864
P05,D0,1.447307,0.4168,0.11662673030918581,0.5382005034013613,98.8,78.55,6.432811971681879,90.60857142857142,4.26,-5.05,0.7225564259325662,0.0064200680272109055,25.99,24.99,0.28249889430311287,25.540408163265315
P01,D0,0.214034,0.158923,0.01007023147387995,0.1982791408296947,140.32,57.7,25.769025924255683,91.49794759825322,328.28,-111.02,10.144843599199394,-0.0005376637554584696,25.29,24.31,0.27703004758792205,24.862751091703007
P01,D1,0.239667,0.190964,0.008860647598269052,0.21777717931034504,90.25,71.57,6.119185622449472,81.84751724137936,351.33,-250.0,25.176311907528714,0.0005334051724138679,25.79,25.37,0.11266666067585558,25.578620689655093
P01,D2,0.265299,0.228132,0.009882465824141345,0.24897366764705914,86.4,75.67,2.495919246521021,78.57117647058823,23.18,-10.71,2.0950632536703018,0.004323529411764688,26.07,25.83,0.0640133813878248,25.947529411764712
P01,D3,0.308875,0.251201,0.015885652219771566,0.27953294545454604,154.37,89.67,18.574856965782914,123.99745454545452,2.4,-2.44,0.6419361454124541,-0.000685369318181815,27.03,26.45,0.1616175795219973,26.78240909090919
P01,D4,0.420378,0.298622,0.011731920209680871,0.3197021143410856,168.12,95.17,29.232201136708742,134.7438759689922,384.41,-220.75,21.58424416667347,0.0010077519379843823,27.21,27.03,0.04501884906658817,27.129302325581374
P01,D5,0.363986,0.33579,0.005178105724838684,0.34864001991150345,115.67,93.72,7.676850386610847,106.28946902654864,23.43,-17.79,2.23481988403245,0.0018888274336283175,27.33,27.21,0.029541027925695105,27.262831858407218
P01,D6,0.188668,0.079729,0.014615842104897516,0.12436972081218228,155.67,89.65,20.048475173704237,127.63746192893399,223.07,-164.16,12.227078746308534,-0.001703680203045561,28.03,27.83,0.050677108237719384,27.920253807106867
P01,D7,0.27582,0.128431,0.02404166212634374,0.19411674054054093,151.9,86.8,23.129451039481655,110.37221621621622,413.43,-143.64,21.19087934061525,0.0006486486486486636,28.11,27.99,0.02415986208036411,28.05718918918905
P01,D8,0.255313,0.187386,0.010118570928368563,0.2252322650709209,169.83,99.53,23.950072487941103,122.70159574468093,284.74,-170.84,12.30772600140725,0.003943927304964585,28.35,28.07,0.0766103688903838,28.205248226950562
P01,D9,0.747463,0.120741,0.03411227287582919,0.1772056703703684,129.45,78.95,11.913605705377696,105.26637037037034,305.6,-183.84,17.300163296472377,0.0006313657407407841,28.43,28.31,0.023130367523255924,28.37133333333319
P01,D10,0.180978,0.119459,0.014261369617182355,0.16113332371794867,81.45,67.47,4.665921672968273,73.67551282051282,401.68,-125.91,21.392159530802147,-0.0009955929487179065,28.47,28.41,0.015547819315408183,28.430256410256433
P01,D11,0.234807,0.068194,0.031769050352924225,0.15299141836734687,82.85,72.75,2.669581564832309,79.39265306122451,237.77,-182.47,26.402666372326333,0.005676020408163152,28.53,28.45,0.01737209368304624,28.49551020408166
P01,D12,0.16688,0.105361,0.014845492952589565,0.12628184146341462,84.08,69.42,4.355575414927626,72.9868292682927,45.78,-23.72,4.970798916251981,-0.02827743902439025,28.59,28.53,0.017459471892386152,28.56341463414639
P01,D13,0.16688,0.105361,0.014845492952589565,0.12628184146341462,84.08,69.42,4.355575414927626,72.9868292682927,45.78,-23.72,4.970798916251981,-0.02827743902439025,28.59,28.53,0.017459471892386152,28.56341463414639
P02,D0,0.996101,0.282228,0.1131316523819981,0.45162255666666634,98.85,70.37,9.818728212637653,87.03133333333335,64.87,-17.87,2.9333178100846653,0.025280208333333245,24.55,24.43,0.02534349443293859,24.49366666666653
P02,D1,0.429616,0.198921,0.043584689151642944,0.32574670744680917,123.77,98.87,8.81112463510531,113.01354609929076,71.82,-45.67,4.858180154194702,0.003359929078014162,24.77,24.49,0.08357156027235571,24.613120567375873
P02,D2,0.452686,0.216864,0.032453588983997556,0.27356364795918414,117.5,100.5,5.154087521374938,106.68061224489792,201.69,-154.27,15.512846705569425,0.0007924107142855793,25.21,24.91,0.08417792504497941,25.044897959183597
P02,D3,0.451404,0.23737,0.03781438144888053,0.32429598374999946,114.2,87.75,7.577680757714007,102.65025,299.14,-252.62,21.92953513422061,0.010128906249999852,25.91,25.47,0.11733165982801676,25.699300000000004
P02,D4,0.306579,0.179697,0.024229299700356845,0.22746409793814476,125.95,99.83,8.079479431658822,114.10639175257732,17.36,-7.85,1.7565791687878196,-0.001021262886597945,26.21,25.93,0.08071789561706241,26.07061855670102
P02,D5,0.311705,0.169443,0.02687103518287574,0.2727073981481482,141.8,100.75,9.5474832081134,116.62787037037039,95.39,-50.72,5.428397003229445,-0.0028284143518518944,26.65,26.31,0.08786854767511326,26.479166666666643
P02,D6,4.204166,1.584741,0.5486607028357153,2.7546351223776226,112.98,78.55,12.198779021802617,97.57524475524473,305.3,-130.6,16.43709134213641,-0.01799606643356639,26.99,26.93,0.014828903898285173,26.95265734265744
P02,D7,5.080287,0.525808,0.5416507980959873,1.546639231617645,119.92,82.23,12.89441737958034,96.93316176470587,264.98,-242.55,16.025928445260234,0.00515854779411755,27.01,26.93,0.01736891259372759,26.974411764705717
P02,D8,2.026907,0.495049,0.4211933260668146,1.208323806818181,160.6,87.73,24.042226250559985,114.45752525252522,216.15,-193.55,12.318512707304627,-0.0007346906565656239,27.13,26.99,0.03320070923094129,27.04772727272726
P02,D9,2.797672,0.796234,0.4429163299875137,1.796365141304349,108.68,90.72,4.9591893128405955,98.4173043478261,172.46,-97.44,8.76200622359678,-0.021541440217391405,27.27,27.13,0.02676778230384186,27.21278260869528
P02,D10,2.214026,0.997551,0.37967277543456496,1.568961510869565,118.25,104.08,3.8350867634372734,109.64630434782607,61.83,-34.13,5.4309058540919075,-0.008763586956521786,27.43,27.37,0.015171467887822154,27.395652173912975
P02,D11,3.29002,2.370886,0.282639402445616,2.8424687840909084,125.78,108.72,5.5690858405637,116.56136363636364,26.37,-30.32,4.272566506865702,0.013735795454545558,27.45,27.41,0.014362088722622495,27.42772727272727
P02,D12,3.422029,2.649201,0.19244508060077764,2.869235677419356,137.7,116.22,6.582742083154505,130.03,200.16,-150.17,32.01418108655357,-0.0016733870967739334,27.49,27.43,0.017441972281329522,27.464193548387026
P02,D13,3.531227,2.485151,0.28483092929879095,2.88335653030303,97.78,91.53,1.6500777070774406,94.14242424242425,31.6,-16.22,3.3453260102410725,0.022291666666666692,27.55,27.49,0.015537259433999999,27.51757575757584
P06,D0,0.449856,0.346043,0.03177567259055815,0.4005012112500005,136.58,61.44,24.35183124329688,114.94015000000003,21.97,-18.34,1.0082214145092063,0.0026328125000000062,24.15,22.61,0.44403704645364866,23.47874999999996
P06,D1,0.3281,0.30503,0.005189506712647242,0.3131488918918913,134.93,102.4,10.092147182291525,122.80783783783785,3.46,-3.01,0.6073984585351753,0.0016765202702702653,24.81,24.37,0.11620939465091035,24.607837837837838
P06,D2,0.314002,0.30503,0.0012591213796729953,0.3080800044642856,147.2,104.32,16.380454895209795,127.30964285714283,2.76,-2.07,0.6019371587024179,0.0026269531249999917,25.15,24.83,0.08592581361749979,24.991696428571395
P06,D3,0.292214,0.271708,0.0029743442259485796,0.28495212500000133,135.37,84.4,14.156838584963257,109.53974137931036,12.66,-8.13,0.7667656393803228,-0.0072629310344827416,26.05,25.43,0.17060163969268663,25.772887931034543
P06,D4,0.303749,0.285806,0.004687229530188572,0.294454602739726,148.55,124.45,9.363382297499454,137.8257534246576,7.93,-3.91,0.7028796880102897,0.0006399828767123284,26.29,26.09,0.04493170958033155,26.202808219177964
P06,D5,0.321692,0.302467,0.0049215590287521715,0.3104870973282439,142.88,128.88,3.7797980944439598,136.37045801526722,8.62,-6.53,0.7444003081225601,8.707061068702682e-05,26.53,26.29,0.06587437583919073,26.410381679389364
P06,D6,0.280679,0.238385,0.0056547100916784,0.272200862565446,103.1,85.37,4.615820409695386,98.51905759162305,48.05,-28.65,1.6907186314681282,-0.0013547120418848256,26.67,26.61,0.013998022663315847,26.6378010471204
P06,D7,0.344761,0.269144,0.004568411664319209,0.27614572948717747,139.83,98.68,11.127947605543005,117.89035897435895,184.11,-117.96,7.430315342708866,-0.0018357371794871802,26.71,26.61,0.021071897967994652,26.654923076922696
P06,D8,0.275553,0.267863,0.0014559894704527696,0.2708152046296262,126.53,100.57,9.318083615987906,111.89325925925918,4.55,-2.1,0.5867294631592285,0.00026041666666666634,26.71,26.27,0.13726572143969654,26.52322222222233
P06,D9,0.308875,0.279397,0.007849295960421391,0.2940910246710501,193.48,97.02,33.78128127168116,152.62499999999997,11.19,-5.67,0.7201977131646012,0.00027446546052631754,26.27,26.13,0.031692698168122355,26.1773684210529
P06,D10,0.310157,0.289651,0.0026488358893647346,0.30669561363636366,100.25,83.3,5.993368077224268,92.88772727272728,262.52,-84.99,11.725181431968908,-0.1314512310606057,26.29,26.23,0.02010858872414962,26.259545454545542
P06,D11,0.31272,0.30503,0.0015852930345655201,0.308337862903226,101.87,95.3,2.188077862230409,98.09774193548388,3.17,-2.49,0.6866564804996668,-0.0021068548387096733,26.27,26.21,0.015373657054690603,26.244516129032263
P06,D12,0.310157,0.30503,0.0010540823932479015,0.30750780487804913,109.03,103.37,1.2029402495146797,106.81439024390242,3.7,-2.63,0.6383920825455057,-0.000518292682926816,26.23,26.11,0.027783606218461245,26.162439024390302
P06,D13,0.31272,0.306312,0.0010729681419844623,0.3088121666666668,124.08,110.65,3.919913707365696,117.86893939393941,1.82,-2.2,0.5771874125575398,0.00019412878787878333,26.07,25.91,0.04525357114215062,25.98848484848485
P03,D0,2.747688,2.179422,0.13590448102099545,2.585165428160918,155.05,105.81,19.118169799711435,133.1190804597701,16.65,-6.65,0.7588756425868235,0.004836566091954016,25.99,25.81,0.05306723703385131,25.915919540230067
P03,D1,2.824586,2.677198,0.031030968690462412,2.723106438596492,200.82,183.45,5.086981935591337,194.4807017543859,2.02,-1.9,0.5306656801363121,0.005433114035087698,26.05,25.99,0.014176522850795757,26.012631578947428
P03,D2,2.697704,2.511866,0.0396228745697921,2.6099350326086945,171.85,127.05,13.086154179209645,147.52478260869563,2.2,-1.67,0.5192834624481298,0.004026268115942031,26.09,26.01,0.014320259380402059,26.04681159420296
P03,D3,2.918146,2.692578,0.043644322033081426,2.8215477056451546,116.8,93.97,9.06717192877665,105.76572580645158,5.16,-2.63,0.6104825708782632,0.006168094758064561,26.15,26.07,0.015759681038398362,26.108064516129
P03,D4,3.173391,2.910655,0.054779605844830305,2.9962988088235285,136.32,113.0,7.574600759556022,126.48600000000002,2.04,-1.69,0.5825642281138623,0.0026948529411764855,26.17,26.11,0.014736508106678526,26.133058823529367
P03,D5,3.592746,3.065733,0.12380390323705441,3.334285560810811,141.0,130.53,3.043529256601673,134.94558558558563,2.12,-1.71,0.563733354938816,0.00067286036036036,26.17,26.13,0.013494139407337166,26.153333333333244
P03,D6,4.236207,3.629913,0.17985342552836284,3.972001527372261,163.68,92.58,25.518825655755837,133.6335766423358,2.99,-10.26,0.6368520846335961,0.00780679744525543,20.95,20.77,0.04436576271179752,20.838029197080335
P03,D7,4.453566,4.26184,0.0370834387637591,4.359807636956528,172.43,139.48,10.44120059160106,157.32217391304354,1.78,-1.91,0.610740756526558,0.0020937500000000045,21.31,20.91,0.11165733314685355,21.10078260869571
P03,D8,4.584293,3.992176,0.14004254017030565,4.197495602127661,137.03,99.98,10.171552560329385,113.78744680851065,5.89,-5.98,0.65940450590057,0.0008397606382978636,22.29,21.37,0.25957873176413027,21.841574468085085
P03,D9,3.960135,3.409471,0.14943512959210475,3.6513123894736825,134.22,110.2,7.811970150186304,120.58221052631576,2.7,-3.06,0.6337872073379494,0.0004967105263157904,22.97,22.37,0.17110393858019793,22.681736842105284
P03,D10,3.154167,2.924753,0.042808236519925554,2.9946666076923076,130.7,105.98,6.868698178218455,115.03384615384613,285.82,-185.78,21.46657950344125,0.04647355769230753,23.47,23.25,0.04806910182891488,23.363692307692315
P03,D11,3.205432,2.901684,0.0815793980406446,2.971845039473684,123.0,120.08,0.941639599387757,121.06500000000001,4.13,-2.16,0.6825910622473363,-0.0020189144736842152,23.59,23.49,0.028674687679013898,23.554473684210574
P03,D12,3.101619,3.033693,0.01578200853912873,3.0591758166666665,122.33,117.52,1.5862788451948313,119.71233333333332,2.87,-1.98,0.6573264335259277,0.004520833333333316,23.73,23.63,0.02434808270999387,23.675666666666693
P03,D13,3.209277,3.037537,0.044865924374152745,3.109950065789473,177.88,137.17,14.19890892724898,161.6782456140351,1.91,-1.98,0.6070777572469702,0.0003344298245614028,23.87,23.71,0.035669434038340025,23.795614035087713
P07,D0,0.102531,0.073054,0.007561341174786646,0.08882069425675666,120.2,76.67,14.094232563093424,103.61054054054054,60.17,-24.8,2.346740013646354,0.004427787162162153,23.69,22.65,0.29452736149845204,23.250405405405367
P07,D1,0.126882,0.103813,0.005410626049430655,0.1153416682098767,158.58,83.03,22.279033673288787,128.48802469135802,6.84,-6.05,1.6748838347741686,0.0036882716049382596,24.11,23.83,0.07230134769127261,23.994197530864177
P07,D2,0.134572,0.117911,0.0025680725631860375,0.12947303658536574,96.87,78.42,5.0604511035950095,87.68024390243903,11.49,-14.7,1.658453493296751,0.004037728658536591,24.25,24.11,0.034596416878974134,24.182073170731634
P07,D3,0.149952,0.134572,0.0027410671443154704,0.14323495579268258,105.77,63.35,9.209333996616149,86.75603658536588,8.86,-8.04,1.1357651238913093,0.003076410060975614,24.41,24.31,0.019581927156436172,24.349756097561162
P07,D4,0.178148,0.144825,0.006654588259699112,0.15465035084033665,71.07,58.98,3.7350484215461903,67.31781512605045,15.71,-10.6,1.7563701254862523,0.0002626050420168055,24.55,24.37,0.03922874321922542,24.446050420168014
P07,D5,0.174303,0.160205,0.002798685151014384,0.16658505921052574,108.32,71.67,12.334533709108978,93.3334210526316,5.76,-4.82,1.3537548719058001,-0.002350603070175448,24.75,24.53,0.056660621821181485,24.642982456140253
P07,D6,0.253765,0.229414,0.005766423743522992,0.24319499999999836,93.58,61.23,12.060128992685643,82.37190476190476,348.26,-198.87,15.031124891750354,0.009029017857142885,26.19,26.01,0.0473877624327937,26.121726190476178
P07,D7,0.261455,0.230695,0.0052391395953913095,0.24767924826388846,150.97,87.63,21.532439780325788,111.28645833333333,12.28,-18.08,1.3689720004154897,0.0005023871527777787,26.15,25.89,0.07155657199146048,26.027430555555583
P07,D8,0.258891,0.244793,0.003004917444002608,0.25201549248926775,139.82,89.08,10.730431891621658,105.28909871244639,10.51,-18.29,1.2075158536418311,0.0006531652360514949,25.87,25.41,0.13556600441309968,25.621587982832644
P07,D9,0.271708,0.256328,0.001563169963331719,0.26096657009345936,90.47,56.65,11.633464464353546,74.03359813084114,72.84,-71.6,3.6872198087731927,-0.1049284462616825,25.37,25.15,0.06408380791853223,25.248084112149296
P07,D10,0.271708,0.24992,0.003081313487180865,0.2656197499999997,79.85,70.18,3.1702533555936,73.92520833333333,26.95,-10.27,2.6158200671952376,-0.014280598958333368,25.09,25.03,0.01824666169950687,25.054791666666727
P07,D11,0.274271,0.266581,0.0013503625338828439,0.26972578703703726,76.42,71.62,1.4485384125950997,73.05407407407407,8.21,-3.66,1.0847291691415193,-0.0036689814814814567,25.05,24.99,0.010264754174473683,25.027407407407434
P07,D12,0.265299,0.243512,0.005795830324144754,0.25529449193548404,95.78,80.68,4.539191534287381,88.18741935483871,4.78,-5.8,1.2093064476759874,-0.0027318548387097077,25.03,24.99,0.01324386452467298,25.007419354838735
P07,D13,0.276834,0.262736,0.0036680761678184086,0.2676265921052627,111.03,97.03,4.317428242453372,104.0115789473684,2.69,-1.77,0.6236366371680188,-0.0018832236842105277,25.01,24.95,0.015777734685814556,24.980263157894647
P04,D0,0.645985,0.389642,0.0740430145829716,0.49817332675438714,129.08,81.94,13.0939202857823,101.58491228070173,28.98,-28.43,1.9770920533338474,-0.00795504385964908,27.59,26.11,0.42991361111297843,26.93456140350879
P04,D1,0.375543,0.321711,0.01446401285976422,0.3536682671232882,128.67,96.5,9.078738620848045,105.07424657534249,51.31,-34.47,2.529142290072372,0.0034599743150685006,28.13,27.71,0.12456536434200291,27.934109589041128
P04,D2,0.35119,0.322993,0.006754606922809678,0.3370825957943931,110.93,98.32,3.5087280421814504,105.82308411214953,3.03,-3.18,0.6202533686975096,0.0018910630841121432,28.35,28.17,0.04827674530805166,28.269813084112208
P04,D3,0.389642,0.324274,0.01205091453190825,0.3352046506410274,165.67,101.52,22.27949261701023,133.1055982905983,5.54,-4.9,0.6646310573238474,0.0006183226495726549,28.49,28.33,0.03178703299910234,28.41358974358996
P04,D4,0.42553,0.369134,0.015441599592704646,0.39602126307189656,154.25,107.07,18.227227643121694,124.85549019607848,2.21,-2.53,0.6017505317098647,0.002042483660130717,28.51,28.43,0.01543800839367356,28.464640522875694
P04,D5,0.369134,0.337092,0.008132125052634257,0.35079713311688315,136.95,101.03,8.861150233021037,114.50045454545459,2.31,-2.66,0.6181061132568353,-0.00038047889610389563,28.53,28.47,0.014817796717701911,28.49766233766231
P04,D6,0.231991,0.173032,0.017050571878061988,0.20892143170731647,186.17,101.83,19.09145754345197,138.68151219512194,12.03,-25.42,1.320686485285772,-0.002052591463414641,27.35,26.81,0.14978369505857153,27.109902439024463
P04,D7,0.17175,0.147397,0.005770046959150342,0.1618756196581199,141.63,89.7,15.519667238011476,107.3669230769231,130.08,-56.74,4.040301650852708,0.0009021100427350431,27.67,27.41,0.06571734623687016,27.55636752136775
P04,D8,0.167905,0.160215,0.0016092402146524142,0.16435431417112553,124.38,95.07,7.572437610628574,105.10687165775403,158.72,-130.81,6.394029254649115,0.002107703877005345,27.77,27.63,0.03208214511527454,27.71248663101583
P04,D9,0.185849,0.162778,0.003027779356474134,0.16704193639798753,126.62,99.63,6.741814219485226,111.35722921914356,85.65,-103.94,4.97564341343138,0.0010311712846347925,27.91,27.75,0.043185463192317225,27.826221662469038
P04,D10,0.162778,0.156369,0.0009751377699894353,0.15955508613445368,143.77,91.52,16.930696309080915,107.14932773109244,35.74,-16.99,2.011654799612096,-0.001512605042016794,27.95,27.89,0.014126740400346414,27.929075630252196
P04,D11,0.162778,0.157651,0.0010604165276018563,0.16015065000000017,149.73,128.67,6.710700959939832,140.87711111111113,7.16,-6.41,1.0153992200105946,0.00016319444444445056,27.95,27.89,0.014695755815268217,27.9191111111111
P04,D12,0.165341,0.160215,0.0008852280276995361,0.1633458684210524,109.58,95.6,4.007520546088105,100.93070175438596,11.47,-11.63,1.3766025653827563,-9.046052631578055e-05,27.93,27.85,0.01699961129381953,27.890000000000004
P04,D13,0.169187,0.16406,0.0013392730564968144,0.16691720205479454,111.0,97.5,4.515056268201188,104.92424657534242,6.86,-5.93,0.8868807118911923,-0.0022474315068493175,27.89,27.81,0.017192158256380787,27.838356164383562
